collision_index,collision_year,collision_ref_no,location_easting_osgr,location_northing_osgr,longitude,latitude,police_force,collision_severity,number_of_vehicles,number_of_casualties,date,day_of_week,time,local_authority_district,local_authority_ons_district,local_authority_highway,local_authority_highway_current,first_road_class,first_road_number,road_type,speed_limit,junction_detail_historic,junction_detail,junction_control,second_road_class,second_road_number,pedestrian_crossing_human_control_historic,pedestrian_crossing_physical_facilities_historic,pedestrian_crossing,light_conditions,weather_conditions,road_surface_conditions,special_conditions_at_site,carriageway_hazards_historic,carriageway_hazards,urban_or_rural_area,did_police_officer_attend_scene_of_accident,trunk_road_flag,lsoa_of_accident_location,enhanced_severity_collision,collision_injury_based,collision_adjusted_severity_serious,collision_adjusted_severity_slight
2024440397401,2024,440397401,458121,83138,-1.17934,50.64504,44,3,2,1,13/09/2024,6,16:20,-1,E06000046,E06000046,E06000046,6,0,6,30,3,13,4,6,0,0,0,0,1,1,1,0,0,0,1,3,2,E01017320,-1,0,0.0743758908870427,0.925624109112957
2024440272196,2024,440272196,450753,86445,-1.28309,50.67546,44,2,2,1,28/06/2024,6,07:24,-1,E06000046,E06000046,E06000046,3,3056,6,40,3,13,4,3,3020,0,0,0,1,1,1,0,0,0,2,1,2,E01017296,-1,0,1,0
2024440427842,2024,440427842,452774,90462,-1.25392,50.7114,44,3,1,1,02/10/2024,4,10:00,-1,E06000046,E06000046,E06000046,6,0,6,60,0,0,-1,0,-1,0,0,0,1,1,1,0,0,0,2,2,2,E01017310,-1,0,0.0485800040256666,0.951419995974333
2024440566771,2024,440566771,463393,86600,-1.1042,50.67562,44,2,2,2,31/12/2024,3,19:38,-1,E06000046,E06000046,E06000046,4,3395,6,40,0,0,-1,0,-1,0,0,0,6,1,2,0,0,0,2,1,2,E01017285,-1,0,1,0
2024440375377,2024,440375377,458160,88382,-1.17797,50.69219,44,3,1,2,01/09/2024,1,16:44,-1,E06000046,E06000046,E06000046,6,0,6,60,0,0,-1,0,-1,0,0,0,1,1,1,0,0,0,2,1,2,E01017283,-1,0,0.272135008715792,0.727864991284208
2024440422797,2024,440422797,456598,83957,-1.20076,50.65255,44,3,1,1,29/09/2024,1,10:11,-1,E06000046,E06000046,E06000046,6,0,6,30,0,0,-1,0,-1,0,0,0,1,1,1,6,0,14,2,1,2,E01017324,-1,0,0.16834262912235,0.83165737087765
2024440510881,2024,440510881,444990,87571,-1.36451,50.68606,44,3,2,1,23/11/2024,7,15:38,-1,E06000046,E06000046,E06000046,4,3401,6,60,0,0,-1,0,-1,0,0,0,1,2,2,0,0,0,2,1,2,E01017294,-1,0,0.129318182790908,0.870681817209092
2024440276755,2024,440276755,451157,94728,-1.27623,50.74991,44,3,2,1,01/07/2024,2,07:28,-1,E06000046,E06000046,E06000046,3,3021,6,30,0,0,-1,0,-1,0,1,13,1,1,1,0,0,0,1,1,2,E01033237,-1,0,0.0554524455667621,0.944547554433238
2024440550816,2024,440550816,449207,91414,-1.30431,50.72028,44,1,1,2,19/12/2024,5,05:49,-1,E06000046,E06000046,E06000046,3,3020,6,40,3,13,4,6,0,0,4,14,4,4,2,0,0,0,2,1,2,E01017334,-1,0,0,0
2024440064765,2024,440064765,454333,92009,-1.23161,50.72517,44,3,2,1,13/02/2024,3,13:30,-1,E06000046,E06000046,E06000046,3,3054,6,30,3,13,4,6,0,0,0,0,1,2,2,0,0,0,2,1,2,E01017368,-1,0,0.218176589160798,0.781823410839202
2024440313237,2024,440313237,452498,92955,-1.25747,50.73385,44,2,1,1,23/07/2024,3,16:02,-1,E06000046,E06000046,E06000046,6,0,6,40,3,13,4,6,0,0,0,0,1,1,1,0,0,0,2,1,2,E01033229,-1,0,1,0
2024440119573,2024,440119573,456349,87688,-1.20371,50.68613,44,3,2,1,20/03/2024,4,07:40,-1,E06000046,E06000046,E06000046,6,0,6,60,0,0,-1,0,-1,0,0,0,1,1,2,0,0,0,2,3,2,E01017283,-1,0,0.0235033208816438,0.976496679118356
2024440328098,2024,440328098,453815,89345,-1.23934,50.70126,44,3,2,1,01/08/2024,5,20:28,-1,E06000046,E06000046,E06000046,6,0,6,60,3,13,4,6,0,0,0,0,6,1,1,0,0,0,2,1,2,E01017310,-1,0,0.217862661919974,0.782137338080026
2024440319587,2024,440319587,438760,83585,-1.45311,50.65066,44,3,2,1,27/07/2024,7,15:06,-1,E06000046,E06000046,E06000046,3,3055,6,60,3,13,4,6,0,0,0,0,1,1,1,0,0,0,2,1,2,E01017290,-1,0,0.081764615866436,0.918235384133564
2024440079111,2024,440079111,452391,91873,-1.25914,50.72413,44,3,1,1,23/02/2024,6,02:04,-1,E06000046,E06000046,E06000046,3,3021,6,50,1,0,4,3,3054,0,0,0,4,2,2,0,0,0,2,1,2,E01017310,-1,0,0.11412348881813,0.88587651118187
2024440242871,2024,440242871,458827,82808,-1.16941,50.642,44,2,1,1,10/06/2024,2,03:32,-1,E06000046,E06000046,E06000046,3,3055,6,30,0,0,-1,0,-1,0,0,0,5,2,2,0,0,0,1,1,2,E01017319,-1,0,1,0
2024440557860,2024,440557860,448887,93573,-1.30855,50.73972,44,3,1,1,23/12/2024,2,00:11,-1,E06000046,E06000046,E06000046,6,0,6,30,0,0,-1,0,-1,0,0,0,4,1,2,0,0,0,1,1,2,E01017329,-1,0,0.192976640557256,0.807023359442744
2024440115796,2024,440115796,448620,94458,-1.31222,50.7477,44,2,2,1,18/03/2024,2,09:28,-1,E06000046,E06000046,E06000046,4,3325,6,40,3,13,4,6,0,0,0,0,1,1,2,0,0,0,2,1,2,E01017329,-1,0,1,0
2024440469694,2024,440469694,450537,76011,-1.28756,50.58166,44,3,2,1,28/10/2024,2,16:54,-1,E06000046,E06000046,E06000046,6,0,6,30,3,13,4,6,0,0,0,0,1,1,2,0,0,0,2,2,2,E01017299,-1,0,0.120928537350843,0.879071462649157
2024440160193,2024,440160193,453607,89323,-1.24229,50.70109,44,2,2,2,17/04/2024,4,08:05,-1,E06000046,E06000046,E06000046,6,0,6,60,3,13,4,6,0,0,0,0,1,1,1,0,0,0,2,1,2,E01017310,-1,0,1,0
2024440533284,2024,440533284,449512,88874,-1.30033,50.69741,44,3,1,1,07/12/2024,7,15:37,-1,E06000046,E06000046,E06000046,4,3323,6,30,3,13,4,6,0,0,0,0,1,5,2,0,0,0,1,1,2,E01017328,-1,0,0.143793815884108,0.856206184115892
2024440459801,2024,440459801,455914,83913,-1.21044,50.65222,44,3,2,1,22/10/2024,3,08:35,-1,E06000046,E06000046,E06000046,6,0,6,30,0,0,-1,0,-1,0,0,0,1,1,1,0,0,0,2,3,2,E01017324,-1,0,0.097208635935864,0.902791364064136
2024440454762,2024,440454762,441161,83612,-1.41914,50.65074,44,2,1,2,18/10/2024,6,23:38,-1,E06000046,E06000046,E06000046,4,3399,6,40,0,0,-1,0,-1,0,0,0,6,2,2,0,0,0,2,1,2,E01017290,-1,0,1,0
2024440167981,2024,440167981,459306,92580,-1.16107,50.72982,44,3,2,2,22/04/2024,2,10:40,-1,E06000046,E06000046,E06000046,4,3326,6,30,6,16,4,3,3054,0,0,0,1,1,1,0,0,0,1,1,2,E01017336,-1,0,0.0852240974824244,0.914775902517576
2024440014651,2024,440014651,441100,86500,-1.41969,50.67672,44,2,1,2,11/01/2024,5,08:52,-1,E06000046,E06000046,E06000046,4,3401,6,60,0,0,-1,0,-1,0,0,0,1,1,4,0,0,0,2,1,2,E01017290,-1,0,1,0
2024440078693,2024,440078693,447789,89739,-1.32461,50.70533,44,3,2,3,22/02/2024,5,18:26,-1,E06000046,E06000046,E06000046,3,3054,6,40,3,13,4,6,0,0,0,0,4,1,1,0,0,0,2,1,2,E01017295,-1,0,0.307217790062056,0.692782209937944
2024440272207,2024,440272207,452409,77280,-1.26095,50.5929,44,2,3,1,28/06/2024,6,07:32,-1,E06000046,E06000046,E06000046,6,0,6,40,0,0,-1,0,-1,0,0,0,1,1,1,4,0,13,2,1,2,E01017298,-1,0,1,0
2024440320113,2024,440320113,434306,86022,-1.51588,50.67286,44,3,2,1,27/07/2024,7,22:29,-1,E06000046,E06000046,E06000046,6,0,6,30,0,0,-1,0,-1,0,0,0,6,1,1,0,0,0,2,1,2,E01033239,-1,0,0.0638827883184943,0.936117211681506
2024440397660,2024,440397660,450523,94870,-1.28519,50.75124,44,3,2,1,16/09/2024,2,12:46,-1,E06000046,E06000046,E06000046,6,0,6,30,3,13,4,6,0,0,0,0,1,1,1,0,0,0,1,1,2,E01017308,-1,0,0.175209280029514,0.824790719970486
2024440406400,2024,440406400,439526,85862,-1.44203,50.67109,44,3,2,2,21/09/2024,7,14:59,-1,E06000046,E06000046,E06000046,4,3401,6,60,3,13,4,4,3399,0,0,0,1,1,1,0,0,0,2,1,2,E01017290,-1,0,0.101538700991262,0.898461299008738
2024440516995,2024,440516995,457224,92258,-1.19062,50.72713,44,3,2,1,27/11/2024,4,14:35,-1,E06000046,E06000046,E06000046,3,3054,1,30,1,0,4,6,0,0,0,0,1,1,2,0,0,0,1,1,2,E01017286,-1,0,0.140099097113144,0.859900902886856
2024440285235,2024,440285235,458242,81437,-1.1779,50.62973,44,3,2,1,06/07/2024,7,02:12,-1,E06000046,E06000046,E06000046,6,0,6,30,3,13,4,6,0,0,0,0,4,2,2,0,0,0,1,1,2,E01017360,-1,0,0.199992232786438,0.800007767213562
2024440374835,2024,440374835,458125,85744,-1.17888,50.66847,44,3,1,1,01/09/2024,1,08:42,-1,E06000046,E06000046,E06000046,6,0,6,60,0,0,-1,0,-1,0,0,0,1,1,1,0,0,0,2,1,2,E01017323,-1,0,0.105812067122686,0.894187932877314
2024440078295,2024,440078295,432539,86649,-1.54083,50.6786,44,3,1,1,22/02/2024,5,14:30,-1,E06000046,E06000046,E06000046,6,0,6,20,0,0,-1,0,-1,0,0,0,1,1,1,0,0,0,2,1,2,E01017361,-1,0,0.148421008846884,0.851578991153116
2024440497721,2024,440497721,459171,92651,-1.16297,50.73047,44,2,1,1,15/11/2024,6,07:06,-1,E06000046,E06000046,E06000046,6,0,2,30,0,0,-1,0,-1,0,0,0,4,1,1,0,0,0,1,2,2,E01017337,-1,0,1,0
2024440351322,2024,440351322,460032,91750,-1.15092,50.72228,44,2,2,1,15/08/2024,5,16:30,-1,E06000046,E06000046,E06000046,4,3330,6,30,3,13,4,6,0,0,0,0,1,1,1,0,0,0,1,3,2,E01017346,-1,0,1,0
2024440328023,2024,440328023,453703,88445,-1.24105,50.69318,44,3,1,1,01/08/2024,5,19:31,-1,E06000046,E06000046,E06000046,6,0,6,60,0,0,-1,0,-1,0,0,0,1,1,1,0,0,0,2,1,2,E01017310,-1,0,0.164617540928545,0.835382459071455
2024440034525,2024,440034525,460371,90941,-1.14625,50.71497,44,3,3,1,24/01/2024,4,18:17,-1,E06000046,E06000046,E06000046,3,3055,6,30,6,16,2,6,0,0,0,0,4,1,2,0,0,0,1,1,2,E01017344,-1,0,0.0359153097165048,0.964084690283495
2024440101220,2024,440101220,451425,94069,-1.27252,50.74396,44,3,2,1,08/03/2024,6,13:24,-1,E06000046,E06000046,E06000046,3,3021,6,40,8,18,4,6,0,0,0,0,1,1,1,0,0,0,2,1,2,E01033229,-1,0,0.183981884497609,0.816018115502391
2024440131140,2024,440131140,456110,87300,-1.20715,50.68266,44,2,2,1,27/03/2024,4,19:45,-1,E06000046,E06000046,E06000046,6,0,6,60,6,16,4,6,0,0,0,0,6,2,2,0,0,0,2,1,2,E01017323,-1,0,1,0
2024440270055,2024,440270055,460398,90607,-1.14593,50.71197,44,2,2,1,26/06/2024,4,22:19,-1,E06000046,E06000046,E06000046,3,3055,6,40,0,0,-1,0,-1,0,0,0,7,1,1,0,0,0,2,2,2,E01017344,-1,0,1,0
2024440538660,2024,440538660,459778,92746,-1.15436,50.73126,44,2,2,1,11/12/2024,4,10:51,-1,E06000046,E06000046,E06000046,6,0,6,30,9,-1,4,6,0,0,0,0,1,1,1,0,0,0,1,1,2,E01017335,-1,0,1,0
2024440219417,2024,440219417,459299,92582,-1.16117,50.72984,44,2,5,1,25/05/2024,7,11:00,-1,E06000046,E06000046,E06000046,3,3054,6,30,6,16,4,4,3326,0,0,0,1,1,1,0,0,0,1,1,2,E01017336,-1,0,1,0
2024440492486,2024,440492486,448194,94548,-1.31825,50.74854,44,3,1,1,12/11/2024,3,07:57,-1,E06000046,E06000046,E06000046,6,0,6,60,0,0,-1,0,-1,0,0,0,1,1,1,0,0,0,2,1,2,E01017316,-1,0,0.24451492924624,0.75548507075376
2024440131007,2024,440131007,449612,89002,-1.29889,50.69855,44,3,1,1,27/03/2024,4,17:42,-1,E06000046,E06000046,E06000046,4,3323,6,30,0,0,-1,0,-1,0,5,15,1,1,1,0,0,0,1,1,2,E01017326,-1,0,0.189682170143191,0.810317829856809
2024440025659,2024,440025659,455038,84197,-1.22279,50.65486,44,3,4,2,18/01/2024,5,14:50,-1,E06000046,E06000046,E06000046,3,3056,6,50,0,0,-1,0,-1,0,0,0,1,1,1,0,0,0,2,1,2,E01017296,-1,0,0.128334752547044,0.871665247452956
2024440275961,2024,440275961,456988,83299,-1.19534,50.6466,44,3,1,1,30/06/2024,1,15:28,-1,E06000046,E06000046,E06000046,3,3056,6,40,0,0,-1,0,-1,0,0,0,1,1,1,0,0,0,2,1,2,E01017324,-1,0,0.105348410922096,0.894651589077904
2024440371108,2024,440371108,450569,88977,-1.28535,50.69825,44,3,1,1,29/08/2024,5,15:00,-1,E06000046,E06000046,E06000046,6,0,6,20,0,0,-1,0,-1,0,0,0,1,1,1,0,0,0,1,1,2,E01017332,-1,0,0.138697560511502,0.861302439488498
2024440116913,2024,440116913,459587,91543,-1.15726,50.72047,44,2,1,1,18/03/2024,2,20:04,-1,E06000046,E06000046,E06000046,6,0,6,30,3,13,4,6,0,0,0,0,4,1,1,0,0,0,1,1,2,E01017345,-1,0,1,0
2024440019169,2024,440019169,448746,88601,-1.31121,50.69502,44,3,1,1,14/01/2024,1,10:56,-1,E06000046,E06000046,E06000046,6,0,6,20,3,13,4,6,0,0,0,0,1,4,2,0,0,0,1,1,2,E01017293,-1,0,0.187243296340569,0.812756703659431
2024440218080,2024,440218080,449369,90220,-1.30217,50.70953,44,3,1,1,24/05/2024,6,13:49,-1,E06000046,E06000046,E06000046,3,3020,6,40,5,0,4,3,3054,0,0,0,1,1,1,0,0,0,1,2,2,E01017334,-1,0,0.0193354635882459,0.980664536411754
2024440191012,2024,440191012,449334,89372,-1.30278,50.7019,44,3,1,1,07/05/2024,3,16:34,-1,E06000046,E06000046,E06000046,6,0,6,20,3,13,4,6,0,0,0,0,1,1,1,0,0,0,1,1,2,E01017325,-1,0,0.153974457347681,0.846025542652319
2024440529798,2024,440529798,453860,81878,-1.23978,50.63412,44,3,1,2,05/12/2024,5,11:52,-1,E06000046,E06000046,E06000046,3,3020,6,30,0,0,-1,0,-1,0,0,0,1,2,2,0,0,0,2,1,2,E01017369,-1,0,0.181070809915551,0.818929190084449
2024440093058,2024,440093058,460403,89319,-1.14606,50.70038,44,2,2,1,03/03/2024,1,15:07,-1,E06000046,E06000046,E06000046,3,3055,6,50,6,16,4,6,0,0,0,0,1,1,1,0,0,0,2,1,2,E01017289,-1,0,1,0
2024440401110,2024,440401110,450200,88774,-1.2906,50.69645,44,3,2,1,18/09/2024,4,13:20,-1,E06000046,E06000046,E06000046,6,0,6,30,3,13,2,6,0,0,5,15,1,1,1,0,0,0,1,1,2,E01017327,-1,0,0.0933567850067804,0.90664321499322
2024440411604,2024,440411604,459372,84941,-1.16136,50.66112,44,3,1,1,23/09/2024,2,17:56,-1,E06000046,E06000046,E06000046,6,0,6,30,8,18,4,6,0,0,0,0,1,1,1,0,0,0,1,1,2,E01017350,-1,0,0.258840600519071,0.741159399480929
2024440152075,2024,440152075,456122,87301,-1.20698,50.68267,44,3,2,2,11/04/2024,5,17:30,-1,E06000046,E06000046,E06000046,6,0,6,60,3,13,4,6,0,0,0,0,1,7,1,0,0,0,2,1,2,E01017323,-1,0,0.150053086295333,0.849946913704667
2024440490864,2024,440490864,454663,89540,-1.2273,50.70294,44,2,2,2,11/11/2024,2,08:26,-1,E06000046,E06000046,E06000046,6,0,6,60,0,0,-1,0,-1,0,0,0,1,1,1,0,0,0,2,1,2,E01017310,-1,0,1,0
2024440066592,2024,440066592,458910,91964,-1.16678,50.72432,44,2,2,1,14/02/2024,4,18:03,-1,E06000046,E06000046,E06000046,6,0,6,30,6,16,4,6,0,0,0,0,4,5,2,0,0,0,1,1,2,E01017342,-1,0,1,0
2024440343331,2024,440343331,459791,84136,-1.15557,50.65384,44,2,1,1,11/08/2024,1,11:15,-1,E06000046,E06000046,E06000046,4,3329,2,30,6,16,4,6,0,0,1,13,1,1,1,0,0,0,1,2,2,E01017349,-1,0,1,0
2024440438474,2024,440438474,456439,83349,-1.2031,50.6471,44,3,1,1,09/10/2024,4,09:57,-1,E06000046,E06000046,E06000046,6,0,6,30,2,0,4,6,0,0,1,13,1,1,1,0,0,0,2,1,2,E01017324,-1,0,0.216987651993883,0.783012348006117
2024440288514,2024,440288514,439532,85864,-1.44195,50.67111,44,2,2,1,08/07/2024,2,13:42,-1,E06000046,E06000046,E06000046,4,3401,6,60,3,13,4,4,3399,0,0,0,1,1,1,0,0,0,2,1,2,E01017353,-1,0,1,0
2024440300097,2024,440300097,452096,92340,-1.26325,50.72835,44,2,2,7,16/07/2024,3,15:57,-1,E06000046,E06000046,E06000046,3,3021,6,60,0,0,-1,0,-1,0,0,0,1,1,2,0,0,0,2,1,2,E01033229,-1,0,1,0
2024440419512,2024,440419512,449632,90235,-1.29844,50.70964,44,3,2,1,26/09/2024,5,08:30,-1,E06000046,E06000046,E06000046,6,0,6,30,2,0,4,6,0,0,0,0,1,1,2,0,0,0,1,3,2,E01017334,-1,0,0.0402828475624724,0.959717152437528
2024440240538,2024,440240538,456812,87475,-1.19719,50.68417,44,1,2,3,08/06/2024,7,11:20,-1,E06000046,E06000046,E06000046,6,0,6,60,0,0,-1,0,-1,0,0,0,1,1,1,0,0,0,2,1,2,E01017323,-1,0,0,0
2024440409721,2024,440409721,449626,88786,-1.29872,50.69661,44,3,1,1,23/09/2024,2,09:42,-1,E06000046,E06000046,E06000046,6,0,2,30,8,18,4,6,0,0,0,0,1,2,2,0,0,0,1,2,2,E01017328,-1,0,0.0831031085094299,0.91689689149057
2024440178927,2024,440178927,446300,89422,-1.34573,50.7026,44,3,3,1,29/04/2024,2,16:17,-1,E06000046,E06000046,E06000046,3,3054,6,60,6,16,4,6,0,0,0,0,1,1,1,0,0,0,2,1,2,E01017294,-1,0,0.13528429846327,0.86471570153673
2024440327581,2024,440327581,439704,85684,-1.43953,50.66948,44,2,1,1,01/08/2024,5,14:48,-1,E06000046,E06000046,E06000046,6,0,6,60,0,0,-1,0,-1,0,0,0,1,1,1,0,0,0,2,1,2,E01017290,-1,0,1,0
2024440379620,2024,440379620,458577,83394,-1.17285,50.64729,44,2,2,1,04/09/2024,4,13:35,-1,E06000046,E06000046,E06000046,3,3056,6,30,3,13,4,6,0,0,1,13,1,1,1,0,0,0,1,1,2,E01017320,-1,0,1,0
2024440045608,2024,440045608,435710,87011,-1.49592,50.68167,44,3,1,1,31/01/2024,4,19:15,-1,E06000046,E06000046,E06000046,6,0,6,60,0,0,-1,0,-1,0,0,0,6,1,2,0,0,0,2,1,2,E01033239,-1,0,0.154954057990055,0.845045942009945
2024440042400,2024,440042400,437030,85118,-1.47742,50.66456,44,3,1,2,29/01/2024,2,21:14,-1,E06000046,E06000046,E06000046,3,3055,6,60,0,0,-1,0,-1,0,0,0,6,2,2,0,0,0,2,1,2,E01033239,-1,0,0.232071048764531,0.767928951235469
2024440078314,2024,440078314,459127,84379,-1.16492,50.6561,44,2,1,1,21/02/2024,4,15:00,-1,E06000046,E06000046,E06000046,6,0,6,20,0,0,-1,0,-1,0,0,0,1,2,2,0,0,0,1,2,2,E01017317,-1,0,1,0
2024440275942,2024,440275942,448225,88204,-1.31863,50.69149,44,2,3,2,30/06/2024,1,15:04,-1,E06000046,E06000046,E06000046,4,3401,6,30,3,13,4,6,0,0,0,0,1,1,1,0,0,0,1,2,2,E01017294,-1,0,1,0
2024440293351,2024,440293351,437641,84386,-1.46885,50.65794,44,2,1,1,11/07/2024,5,11:45,-1,E06000046,E06000046,E06000046,3,3055,6,60,0,0,-1,0,-1,0,0,0,1,1,1,0,0,0,2,1,2,E01033239,-1,0,1,0
2024440459347,2024,440459347,457518,92285,-1.18645,50.72735,44,3,1,1,22/10/2024,3,08:00,-1,E06000046,E06000046,E06000046,3,3054,6,30,6,16,4,6,0,0,0,0,1,2,2,0,0,0,1,1,2,E01017286,-1,0,0.211966150918401,0.788033849081599
2024440466944,2024,440466944,459192,92626,-1.16268,50.73024,44,3,1,1,26/10/2024,7,18:57,-1,E06000046,E06000046,E06000046,3,3054,6,30,6,16,4,3,3054,0,1,13,4,1,1,0,0,0,1,1,2,E01017337,-1,0,0.194366857039818,0.805633142960182
2024440073695,2024,440073695,451155,81239,-1.27812,50.62861,44,3,2,1,19/02/2024,2,17:00,-1,E06000046,E06000046,E06000046,6,0,6,60,0,0,-1,0,-1,0,0,0,1,1,2,0,0,0,2,1,2,E01017369,-1,0,0.124148318459771,0.875851681540229
2024440219580,2024,440219580,456421,77867,-1.20418,50.59781,44,2,2,1,25/05/2024,7,13:32,-1,E06000046,E06000046,E06000046,4,3327,6,30,8,18,4,6,0,0,0,0,1,1,1,0,0,0,2,1,2,E01017363,-1,0,1,0
2024440363959,2024,440363959,453292,87793,-1.24697,50.68736,44,3,2,1,23/08/2024,6,11:20,-1,E06000046,E06000046,E06000046,6,0,1,60,2,0,4,6,0,0,0,0,1,1,1,0,0,0,2,3,2,E01017310,-1,0,0.0658570916448755,0.934142908355124
2024440154682,2024,440154682,461937,92016,-1.12389,50.72447,44,2,1,1,13/04/2024,7,12:52,-1,E06000046,E06000046,E06000046,6,0,6,30,0,0,-1,0,-1,0,0,0,1,1,1,0,0,0,1,1,2,E01017351,-1,0,1,0
2024440424739,2024,440424739,449266,89347,-1.30375,50.70168,44,3,1,1,30/09/2024,2,17:52,-1,E06000046,E06000046,E06000046,6,0,6,30,0,0,-1,0,-1,0,0,0,1,2,2,0,0,0,1,1,2,E01017325,-1,0,0.23532684106102,0.76467315893898
2024440245764,2024,440245764,437841,87045,-1.46575,50.68184,44,3,2,2,11/06/2024,3,18:14,-1,E06000046,E06000046,E06000046,6,0,6,60,0,0,-1,0,-1,0,0,0,1,1,1,0,0,0,2,1,2,E01017354,-1,0,0.198051109496716,0.801948890503284
2024440541146,2024,440541146,449582,89965,-1.29919,50.70722,44,2,2,1,12/12/2024,5,17:24,-1,E06000046,E06000046,E06000046,6,0,3,70,0,0,-1,0,-1,0,0,0,4,1,2,0,0,0,1,1,2,E01017334,-1,0,1,0
2024440022054,2024,440022054,449167,88722,-1.30523,50.69607,44,3,1,1,16/01/2024,3,10:30,-1,E06000046,E06000046,E06000046,6,0,6,30,3,13,4,6,0,0,0,0,1,1,1,0,0,0,1,2,2,E01017292,-1,0,0.0829178774287962,0.917082122571204
2024440189405,2024,440189405,449951,87842,-1.29425,50.68809,44,3,2,1,06/05/2024,2,17:24,-1,E06000046,E06000046,E06000046,6,0,6,30,0,0,-1,0,-1,0,0,0,1,1,2,0,0,0,1,1,2,E01017321,-1,0,0.0984866797175539,0.901513320282446
2024440337062,2024,440337062,437854,84096,-1.46587,50.65532,44,2,2,1,07/08/2024,4,13:00,-1,E06000046,E06000046,E06000046,6,0,6,60,3,13,4,6,0,0,0,0,1,1,1,0,0,0,2,1,2,E01033239,-1,0,1,0
2024440242497,2024,440242497,433945,88187,-1.52079,50.69235,44,3,2,1,09/06/2024,1,18:00,-1,E06000046,E06000046,E06000046,6,0,6,30,3,13,4,6,0,0,0,0,1,1,1,0,0,0,2,1,2,E01033239,-1,0,0.16965002837951,0.83034997162049
2024440101091,2024,440101091,458770,91288,-1.16887,50.71826,44,3,1,1,08/03/2024,6,08:30,-1,E06000046,E06000046,E06000046,6,0,6,30,0,0,-1,0,-1,0,0,0,1,1,1,0,0,0,1,3,2,E01017282,-1,0,0.0147811903418131,0.985218809658187
2024440341811,2024,440341811,451181,94617,-1.2759,50.74891,44,3,3,1,10/08/2024,7,12:28,-1,E06000046,E06000046,E06000046,3,3021,6,30,0,0,-1,0,-1,0,0,0,1,1,1,0,0,0,1,1,2,E01033237,-1,0,0.0264052755000873,0.973594724499913
2024440049751,2024,440049751,436267,89766,-1.48776,50.70641,44,3,1,1,03/02/2024,7,07:47,-1,E06000046,E06000046,E06000046,3,3054,6,30,0,0,-1,0,-1,0,0,0,1,1,2,0,0,0,2,1,2,E01017354,-1,0,0.0759271631979644,0.924072836802036
2024440144116,2024,440144116,448067,88711,-1.32081,50.69607,44,3,2,1,05/04/2024,6,18:05,-1,E06000046,E06000046,E06000046,6,0,6,30,8,18,4,6,0,0,1,13,1,1,1,0,0,0,1,3,2,E01017295,-1,0,0.0129125953781101,0.98708740462189
2024440134490,2024,440134490,459007,83705,-1.16672,50.65005,44,2,2,1,30/03/2024,7,09:29,-1,E06000046,E06000046,E06000046,3,3055,6,30,3,13,4,6,0,0,1,13,1,1,1,0,0,0,1,1,2,E01017317,-1,0,1,0
2024440064803,2024,440064803,458120,81692,-1.17958,50.63204,44,3,2,2,13/02/2024,3,14:13,-1,E06000046,E06000046,E06000046,6,0,6,30,6,16,4,6,0,0,1,13,1,1,2,0,0,0,1,1,2,E01017356,-1,0,0.218884586829906,0.781115413170094
2024440134610,2024,440134610,459551,92043,-1.15769,50.72497,44,3,2,2,30/03/2024,7,11:45,-1,E06000046,E06000046,E06000046,4,3330,6,30,6,16,4,6,0,0,0,0,1,1,1,0,0,0,1,1,2,E01017340,-1,0,0.0817775104842863,0.918222489515714
2024440393058,2024,440393058,450372,94926,-1.28733,50.75176,44,3,3,1,13/09/2024,6,07:30,-1,E06000046,E06000046,E06000046,6,0,6,30,0,0,-1,0,-1,0,0,0,1,1,1,0,0,0,1,1,2,E01017308,-1,0,0.0886203566881911,0.911379643311809
2024440429305,2024,440429305,451316,94153,-1.27405,50.74472,44,3,2,1,03/10/2024,5,13:13,-1,E06000046,E06000046,E06000046,3,3021,1,50,1,0,4,6,0,0,8,17,1,1,1,0,0,0,2,1,2,E01033229,-1,0,0.0447205618738646,0.955279438126135
2024440400368,2024,440400368,450808,84127,-1.28263,50.65461,44,3,1,3,18/09/2024,4,02:12,-1,E06000046,E06000046,E06000046,3,3020,6,60,0,0,-1,0,-1,0,0,0,6,1,1,0,0,0,2,1,2,E01017296,-1,0,0.43126412518013,0.56873587481987
2024440238899,2024,440238899,455940,78200,-1.21093,50.60085,44,3,2,1,07/06/2024,6,11:36,-1,E06000046,E06000046,E06000046,6,0,6,30,0,0,-1,0,-1,0,0,0,1,1,1,0,0,0,2,2,2,E01017370,-1,0,0.121064178278163,0.878935821721837
2024440274523,2024,440274523,441534,86757,-1.41352,50.679,44,3,2,1,29/06/2024,7,15:03,-1,E06000046,E06000046,E06000046,4,3401,6,60,0,0,-1,0,-1,0,0,0,1,1,1,0,0,0,2,1,2,E01017290,-1,0,0.222310152623513,0.777689847376487
2024440455042,2024,440455042,450718,88988,-1.28324,50.69833,44,3,2,1,19/10/2024,7,08:02,-1,E06000046,E06000046,E06000046,6,0,6,30,3,13,4,6,0,0,0,0,1,1,2,0,0,0,1,1,2,E01017332,-1,0,0.200637099759951,0.799362900240049
2024440082596,2024,440082596,453331,77198,-1.24793,50.59208,44,2,2,2,25/02/2024,1,16:42,-1,E06000046,E06000046,E06000046,6,0,6,60,3,13,4,6,0,0,0,0,1,2,5,0,0,0,2,1,2,E01017298,-1,0,1,0
2024440186786,2024,440186786,443279,81787,-1.3894,50.63418,44,3,1,1,04/05/2024,7,13:45,-1,E06000046,E06000046,E06000046,6,0,6,60,0,0,-1,0,-1,0,0,0,1,1,1,7,0,15,2,1,2,E01017290,-1,0,0.237230410426688,0.762769589573312
2024440064282,2024,440064282,458827,82835,-1.16941,50.64224,44,3,2,1,13/02/2024,3,08:14,-1,E06000046,E06000046,E06000046,3,3055,6,30,0,0,-1,0,-1,0,0,0,1,1,2,0,0,0,1,1,2,E01017319,-1,0,0.0507615154124114,0.949238484587589
2024440242903,2024,440242903,449175,91760,-1.30471,50.72339,44,2,1,1,06/06/2024,5,07:45,-1,E06000046,E06000046,E06000046,3,3020,6,40,3,13,4,6,0,0,5,15,1,1,1,0,0,0,1,3,2,E01017334,-1,0,1,0
2024440157021,2024,440157021,460205,92069,-1.14842,50.72513,44,3,4,1,15/04/2024,2,10:24,-1,E06000046,E06000046,E06000046,3,3055,6,30,0,0,-1,0,-1,0,0,0,1,4,2,0,0,0,2,1,2,E01017346,-1,0,0.128950450148285,0.871049549851715
2024440332612,2024,440332612,449483,86211,-1.30109,50.67347,44,3,1,1,04/08/2024,1,19:49,-1,E06000046,E06000046,E06000046,6,0,6,60,0,0,-1,0,-1,0,0,0,1,1,1,0,0,0,2,1,2,E01017321,-1,0,0.264135781511257,0.735864218488743
2024440390884,2024,440390884,450296,89147,-1.28919,50.6998,44,3,2,1,11/09/2024,4,19:27,-1,E06000046,E06000046,E06000046,3,3020,1,30,1,0,2,3,3020,0,0,0,4,1,1,0,0,0,1,3,2,E01017331,-1,0,0.0041937918167485,0.995806208183251
2024440222565,2024,440222565,458896,91778,-1.16701,50.72265,44,3,2,1,27/05/2024,2,19:52,-1,E06000046,E06000046,E06000046,6,0,6,30,6,16,4,6,0,0,1,13,1,1,1,0,0,0,1,1,2,E01017339,-1,0,0.0604557610346164,0.939544238965384
2024440293310,2024,440293310,458897,83462,-1.16832,50.64787,44,2,4,1,11/07/2024,5,11:28,-1,E06000046,E06000046,E06000046,3,3055,6,30,3,13,2,6,0,2,5,12,1,1,1,0,0,0,1,1,2,E01017318,-1,0,1,0
2024440524675,2024,440524675,464806,87877,-1.08398,50.68695,44,3,1,1,02/12/2024,2,13:20,-1,E06000046,E06000046,E06000046,4,3395,6,30,0,0,-1,0,-1,0,0,0,1,1,2,0,0,0,2,1,2,E01017285,-1,0,0.249246734062154,0.750753265937846
2024440272694,2024,440272694,457996,83247,-1.18109,50.64603,44,3,2,1,28/06/2024,6,12:54,-1,E06000046,E06000046,E06000046,3,3056,6,30,3,13,4,6,0,0,4,14,1,1,1,0,0,0,1,1,2,E01017320,-1,0,0.149646938706429,0.850353061293571
2024440438311,2024,440438311,450418,89392,-1.28743,50.70199,44,3,2,1,09/10/2024,4,08:06,-1,E06000046,E06000046,E06000046,6,0,6,30,8,18,4,6,0,0,0,0,1,1,2,0,0,0,1,1,2,E01017311,-1,0,0.167813452089677,0.832186547910323
2024440268700,2024,440268700,453592,91933,-1.24212,50.72456,44,3,2,1,26/06/2024,4,08:49,-1,E06000046,E06000046,E06000046,3,3054,6,30,3,13,2,6,0,0,5,15,1,1,1,0,0,0,2,1,2,E01017367,-1,0,0.0184038725951582,0.981596127404842
2024440504116,2024,440504116,449967,89316,-1.29382,50.70135,44,3,3,1,19/11/2024,3,12:11,-1,E06000046,E06000046,E06000046,6,0,6,30,0,0,-1,0,-1,0,0,0,1,2,2,0,0,0,1,1,2,E01017326,-1,0,0.0633405988355253,0.936659401164475
2024440188247,2024,440188247,451996,88743,-1.26518,50.69602,44,2,2,1,05/05/2024,1,17:02,-1,E06000046,E06000046,E06000046,6,0,6,60,8,18,4,6,0,0,0,0,1,1,2,0,0,0,2,1,2,E01017331,-1,0,1,0
2024440065214,2024,440065214,456368,87758,-1.20343,50.68675,44,3,1,1,13/02/2024,3,18:57,-1,E06000046,E06000046,E06000046,6,0,6,60,0,0,-1,0,-1,0,0,0,6,2,2,0,0,0,2,1,2,E01017283,-1,0,0.134451389397384,0.865548610602616
2024440329219,2024,440329219,450699,76764,-1.28517,50.58841,44,3,2,1,02/08/2024,6,13:48,-1,E06000046,E06000046,E06000046,3,3055,6,30,0,0,-1,0,-1,0,0,0,1,1,1,0,0,0,2,1,2,E01017299,-1,0,0.214751170883353,0.785248829116647
2024440358148,2024,440358148,458201,85819,-1.17779,50.66914,44,2,2,1,20/08/2024,3,19:02,-1,E06000046,E06000046,E06000046,6,0,6,60,0,0,-1,0,-1,0,0,0,1,1,1,0,0,0,2,1,2,E01017323,-1,0,1,0
2024440094720,2024,440094720,458312,91877,-1.17527,50.7236,44,3,1,1,04/03/2024,2,15:45,-1,E06000046,E06000046,E06000046,6,0,6,30,3,13,4,6,0,0,0,0,1,1,1,0,0,0,1,2,2,E01017342,-1,0,0.0952604939962813,0.904739506003719
2024440407372,2024,440407372,463023,90881,-1.1087,50.71415,44,3,2,1,22/09/2024,1,08:11,-1,E06000046,E06000046,E06000046,6,0,6,30,3,13,4,6,0,0,0,0,1,1,1,0,0,0,1,2,2,E01017352,-1,0,0.115250508647063,0.884749491352937
2024440113370,2024,440113370,459986,84339,-1.15278,50.65565,44,3,1,1,16/03/2024,7,11:55,-1,E06000046,E06000046,E06000046,4,3329,6,30,0,0,-1,0,-1,0,0,0,1,1,1,0,0,0,1,1,2,E01017349,-1,0,0.166364441128884,0.833635558871116
2024440045628,2024,440045628,458444,81825,-1.17498,50.6332,44,3,2,1,31/01/2024,4,19:30,-1,E06000046,E06000046,E06000046,3,3055,6,30,6,16,2,6,0,0,5,15,4,1,2,0,0,0,1,1,2,E01017356,-1,0,0.172950056590925,0.827049943409075
2024440325293,2024,440325293,453422,88086,-1.24508,50.68998,44,3,2,1,31/07/2024,4,10:05,-1,E06000046,E06000046,E06000046,6,0,6,60,0,0,-1,0,-1,0,0,0,1,1,1,0,0,0,2,1,2,E01017310,-1,0,0.0746543484272579,0.925345651572742
2024440146250,2024,440146250,444844,87552,-1.36658,50.6859,44,1,1,1,07/04/2024,1,22:11,-1,E06000046,E06000046,E06000046,4,3401,6,60,0,0,-1,0,-1,0,0,0,6,1,1,0,0,0,2,1,2,E01017290,-1,0,0,0
2024440197725,2024,440197725,456457,83339,-1.20284,50.64701,44,2,2,1,11/05/2024,7,18:16,-1,E06000046,E06000046,E06000046,3,3056,1,30,2,0,4,6,0,0,1,13,1,1,1,0,0,0,2,1,2,E01017324,-1,0,1,0
2024440387693,2024,440387693,450640,85538,-1.28481,50.66732,44,2,2,2,09/09/2024,2,18:24,-1,E06000046,E06000046,E06000046,3,3020,6,60,0,0,-1,0,-1,0,0,0,1,1,1,0,0,0,2,1,2,E01017296,-1,0,1,0
2024440013796,2024,440013796,457834,88204,-1.18261,50.69062,44,2,2,1,10/01/2024,4,15:28,-1,E06000046,E06000046,E06000046,6,0,6,60,8,18,4,6,0,0,0,0,1,1,1,0,0,0,2,1,2,E01017283,-1,0,1,0
2024440351203,2024,440351203,443293,87159,-1.38858,50.68248,44,2,2,7,16/08/2024,6,10:38,-1,E06000046,E06000046,E06000046,4,3401,6,60,0,0,-1,0,-1,0,0,0,1,1,1,0,0,0,2,1,2,E01017290,-1,0,1,0
2024440022005,2024,440022005,433414,86498,-1.52846,50.67719,44,2,3,1,16/01/2024,3,10:21,-1,E06000046,E06000046,E06000046,6,0,6,30,0,0,-1,0,-1,0,0,0,1,1,1,0,0,0,2,1,2,E01017361,-1,0,1,0
2024440128880,2024,440128880,455800,84681,-1.21193,50.65914,44,3,1,1,26/03/2024,3,13:31,-1,E06000046,E06000046,E06000046,6,0,6,30,3,13,4,6,0,0,0,0,1,2,2,0,0,0,2,1,2,E01017324,-1,0,0.116463384395866,0.883536615604134
2024440189238,2024,440189238,434673,85754,-1.51071,50.67043,44,3,2,1,06/05/2024,2,15:05,-1,E06000046,E06000046,E06000046,6,0,6,30,8,18,4,6,0,0,0,0,1,1,1,0,0,0,2,2,2,E01033239,-1,0,0.135976651492311,0.864023348507689
2024440512533,2024,440512533,454154,91986,-1.23415,50.72498,44,3,2,1,25/11/2024,2,07:58,-1,E06000046,E06000046,E06000046,3,3054,6,30,0,0,-1,0,-1,0,0,0,1,1,1,0,0,0,2,1,2,E01017368,-1,0,0.197085606595021,0.802914393404979
2024440379899,2024,440379899,445839,84116,-1.35292,50.65493,44,2,1,1,04/09/2024,4,15:48,-1,E06000046,E06000046,E06000046,4,3323,6,60,0,0,-1,0,-1,0,0,0,1,1,1,0,0,0,2,1,2,E01017297,-1,0,1,0
2024440561675,2024,440561675,452784,90471,-1.25377,50.71148,44,3,1,1,27/12/2024,6,17:17,-1,E06000046,E06000046,E06000046,6,0,6,60,0,0,-1,0,-1,0,0,0,6,1,1,0,0,0,2,1,2,E01017310,-1,0,0.210536537232572,0.789463462767428
2024440164576,2024,440164576,441735,89198,-1.4104,50.70093,44,3,2,1,19/04/2024,6,17:55,-1,E06000046,E06000046,E06000046,3,3054,6,30,3,13,4,6,0,0,0,0,1,1,1,0,0,0,2,1,2,E01017353,-1,0,0.0533696789388933,0.946630321061107
2024440271730,2024,440271730,449731,94888,-1.29642,50.75147,44,3,1,1,27/06/2024,5,19:42,-1,E06000046,E06000046,E06000046,6,0,6,30,8,18,4,6,0,0,0,0,1,1,1,0,0,0,1,1,2,E01017306,-1,0,0.0847132896947752,0.915286710305225
2024440480779,2024,440480779,450220,89066,-1.29028,50.69908,44,3,2,1,04/11/2024,2,18:56,-1,E06000046,E06000046,E06000046,6,0,6,30,2,0,4,6,0,0,8,17,4,1,1,0,0,0,1,1,2,E01017326,-1,0,0.0653823051723195,0.934617694827681
2024440266283,2024,440266283,434911,85736,-1.50735,50.67025,44,2,2,1,24/06/2024,2,18:26,-1,E06000046,E06000046,E06000046,3,3055,6,60,8,18,4,6,0,0,0,0,1,1,1,0,0,0,2,1,2,E01033239,-1,0,1,0
2024440285993,2024,440285993,436689,88996,-1.48186,50.69946,44,3,1,1,06/07/2024,7,16:36,-1,E06000046,E06000046,E06000046,4,3401,6,60,0,0,-1,0,-1,0,0,0,1,1,1,0,0,0,2,1,2,E01017354,-1,0,0.1409152409753,0.8590847590247
2024440376433,2024,440376433,434864,85752,-1.50801,50.6704,44,3,1,1,02/09/2024,2,13:01,-1,E06000046,E06000046,E06000046,3,3055,6,30,0,0,-1,0,-1,0,0,0,1,1,2,0,0,0,2,1,2,E01033239,-1,0,0.106215897010413,0.893784102989587
2024440416907,2024,440416907,453515,86585,-1.24398,50.67647,44,3,3,1,25/09/2024,4,14:32,-1,E06000046,E06000046,E06000046,3,3056,6,30,3,13,4,6,0,0,4,14,1,1,1,0,0,0,2,1,2,E01017296,-1,0,0.0224487224232518,0.977551277576748
2024440074862,2024,440074862,448398,89875,-1.31597,50.70651,44,3,2,1,20/02/2024,3,13:11,-1,E06000046,E06000046,E06000046,3,3054,6,40,8,18,4,6,0,0,0,0,1,1,1,0,0,0,2,1,2,E01017333,-1,0,0.0777057244661284,0.922294275533872
2024440510048,2024,440510048,459974,85239,-1.1528,50.66374,44,3,1,1,21/11/2024,5,21:31,-1,E06000046,E06000046,E06000046,3,3055,6,40,0,0,-1,0,-1,0,0,0,4,1,1,0,0,0,1,1,2,E01017350,-1,0,0.158960565116566,0.841039434883434
2024440522671,2024,440522671,447730,95885,-1.32465,50.7606,44,1,1,1,30/11/2024,7,23:43,-1,E06000046,E06000046,E06000046,6,0,6,30,0,0,-1,0,-1,0,0,0,4,1,2,0,0,0,1,1,2,E01017316,-1,0,0,0
2024440286036,2024,440286036,437695,86239,-1.4679,50.6746,44,2,2,1,06/07/2024,7,17:05,-1,E06000046,E06000046,E06000046,6,0,6,60,3,13,4,6,0,0,0,0,1,1,1,0,0,0,2,1,2,E01017354,-1,0,1,0
2024440015281,2024,440015281,453980,92044,-1.23661,50.72552,44,2,2,1,11/01/2024,5,14:47,-1,E06000046,E06000046,E06000046,6,0,6,30,0,0,-1,0,-1,0,0,0,1,1,1,0,0,0,2,1,2,E01017367,-1,0,1,0
2024440546845,2024,440546845,449366,96015,-1.30144,50.76163,44,3,1,1,16/12/2024,2,17:26,-1,E06000046,E06000046,E06000046,4,3325,6,30,3,13,4,6,0,0,0,0,4,1,1,0,0,0,1,2,2,E01017300,-1,0,0.0886189452966649,0.911381054703335
2024440159478,2024,440159478,460275,89893,-1.14778,50.70556,44,2,1,1,16/04/2024,3,15:39,-1,E06000046,E06000046,E06000046,3,3055,6,40,0,0,-1,0,-1,0,0,0,1,1,1,0,0,0,2,1,2,E01017289,-1,0,1,0
2024440520397,2024,440520397,458311,82070,-1.17682,50.63542,44,3,1,1,29/11/2024,6,12:48,-1,E06000046,E06000046,E06000046,6,0,6,30,0,0,-1,0,-1,0,0,0,1,1,1,0,0,0,1,1,2,E01017356,-1,0,0.14364246078634,0.85635753921366
2024440243065,2024,440243065,453960,91850,-1.23692,50.72378,44,3,2,1,10/06/2024,2,09:19,-1,E06000046,E06000046,E06000046,6,0,6,30,0,0,-1,0,-1,0,0,0,1,1,1,0,0,0,2,1,2,E01017368,-1,0,0.0709987022808712,0.929001297719129
2024440017962,2024,440017962,452057,91741,-1.26389,50.72297,44,3,2,2,13/01/2024,7,11:43,-1,E06000046,E06000046,E06000046,3,3054,6,50,0,0,-1,0,-1,0,0,0,1,1,1,0,0,0,2,1,2,E01017310,-1,0,0.056732436808614,0.943267563191386
2024440150180,2024,440150180,436312,89769,-1.48713,50.70643,44,2,2,2,10/04/2024,4,14:49,-1,E06000046,E06000046,E06000046,3,3054,6,30,3,13,4,4,3401,0,0,0,1,2,2,0,0,0,2,1,2,E01017354,-1,0,1,0
2024440315196,2024,440315196,455599,92927,-1.21354,50.73331,44,3,1,1,24/07/2024,4,10:55,-1,E06000046,E06000046,E06000046,6,0,6,20,0,0,-1,0,-1,0,0,0,1,1,1,0,0,0,2,1,2,E01017286,-1,0,0.178532105021759,0.821467894978241
2024440464606,2024,440464606,459110,92707,-1.16383,50.73098,44,3,1,2,25/10/2024,6,09:44,-1,E06000046,E06000046,E06000046,6,0,6,30,3,13,4,6,0,0,0,0,1,1,1,0,0,0,1,1,2,E01017337,-1,0,0.147504793998821,0.852495206001179
2024440343994,2024,440343994,456785,90844,-1.19706,50.71446,44,2,1,1,12/08/2024,2,00:44,-1,E06000046,E06000046,E06000046,6,0,6,60,3,13,4,6,0,0,0,0,6,1,1,0,0,0,2,1,2,E01017286,-1,0,1,0
2024440012840,2024,440012840,459219,90561,-1.16263,50.71167,44,3,1,1,10/01/2024,4,01:32,-1,E06000046,E06000046,E06000046,6,0,6,30,0,0,-1,0,-1,0,0,0,6,1,4,0,0,0,2,1,2,E01017283,-1,0,0.102416971720263,0.897583028279737
2024440209837,2024,440209837,447928,81445,-1.32371,50.63074,44,3,3,1,19/05/2024,1,13:56,-1,E06000046,E06000046,E06000046,4,3399,6,60,8,18,4,6,0,0,0,0,1,1,1,0,0,0,2,1,2,E01017297,-1,0,0.209713627610206,0.790286372389794
2024440535683,2024,440535683,449864,89103,-1.29531,50.69944,44,2,1,1,09/12/2024,2,14:22,-1,E06000046,E06000046,E06000046,6,0,6,30,0,0,-1,0,-1,0,0,0,1,1,1,0,0,0,1,1,2,E01017326,-1,0,1,0
2024440075277,2024,440075277,452239,83638,-1.26246,50.65009,44,2,1,1,20/02/2024,3,16:29,-1,E06000046,E06000046,E06000046,6,0,6,60,0,0,-1,0,-1,0,0,0,1,1,2,0,0,0,2,1,2,E01017297,-1,0,1,0
2024440260814,2024,440260814,449659,85111,-1.29875,50.66356,44,2,1,2,21/06/2024,6,01:04,-1,E06000046,E06000046,E06000046,6,0,6,60,0,0,-1,0,-1,0,0,0,6,1,1,0,0,0,2,1,2,E01017297,-1,0,1,0
2024440497307,2024,440497307,450328,89399,-1.2887,50.70206,44,3,2,1,14/11/2024,5,20:00,-1,E06000046,E06000046,E06000046,3,3054,6,30,3,13,2,3,3054,0,0,0,4,1,1,0,0,0,1,1,2,E01017311,-1,0,0.0479225285012621,0.952077471498738
2024440009385,2024,440009385,451767,87877,-1.26854,50.68825,44,3,1,1,07/01/2024,1,18:18,-1,E06000046,E06000046,E06000046,6,0,6,60,0,0,-1,0,-1,0,0,0,6,1,2,0,0,0,2,1,2,E01017296,-1,0,0.102555591009774,0.897444408990226
2024440015352,2024,440015352,450896,89783,-1.28061,50.70547,44,2,1,1,11/01/2024,5,15:12,-1,E06000046,E06000046,E06000046,6,0,6,20,3,13,4,6,0,0,0,0,1,1,1,0,0,0,1,1,2,E01017310,-1,0,1,0
2024440209535,2024,440209535,446302,89422,-1.3457,50.7026,44,3,2,1,19/05/2024,1,07:47,-1,E06000046,E06000046,E06000046,3,3054,6,60,6,16,4,6,0,0,0,0,1,1,1,0,0,0,2,1,2,E01017294,-1,0,0.0917510912992185,0.908248908700781
2024440353581,2024,440353581,459329,92918,-1.16069,50.73286,44,3,1,1,17/08/2024,7,20:05,-1,E06000046,E06000046,E06000046,3,3055,6,30,3,13,4,6,0,0,4,14,1,1,1,0,0,0,1,1,2,E01017337,-1,0,0.203756497186156,0.796243502813844
2024440120040,2024,440120040,445815,83210,-1.35337,50.64678,44,3,2,3,20/03/2024,4,18:30,-1,E06000046,E06000046,E06000046,4,3323,6,30,3,13,4,6,0,0,0,0,6,1,2,0,0,0,2,1,2,E01017297,-1,0,0.0689371700409817,0.931062829959018
2024440398783,2024,440398783,458939,92235,-1.16633,50.72675,44,3,2,2,04/09/2024,4,14:20,-1,E06000046,E06000046,E06000046,6,0,6,30,6,16,4,6,0,0,5,15,1,1,1,0,0,0,1,3,2,E01017337,-1,0,0.035265739304122,0.964734260695878
2024440306879,2024,440306879,456358,77499,-1.20513,50.59451,44,3,2,1,19/07/2024,6,15:45,-1,E06000046,E06000046,E06000046,3,3055,6,20,3,13,4,3,3055,0,0,0,1,1,1,0,0,0,2,1,2,E01017363,-1,0,0.130785885430883,0.869214114569117
2024440365113,2024,440365113,448887,88226,-1.30926,50.69164,44,3,2,3,25/08/2024,1,15:20,-1,E06000046,E06000046,E06000046,4,3401,1,30,2,0,4,4,3323,0,0,0,1,1,1,0,0,0,1,3,2,E01017292,-1,0,0.0152139535597461,0.984786046440254
2024440417269,2024,440417269,458461,91639,-1.17319,50.72144,44,3,1,1,25/09/2024,4,15:30,-1,E06000046,E06000046,E06000046,6,0,6,30,0,0,-1,0,-1,0,0,0,1,1,1,0,0,0,1,1,2,E01017342,-1,0,0.125987970615382,0.874012029384618
2024440024116,2024,440024116,459303,92914,-1.16106,50.73282,44,2,2,1,17/01/2024,4,14:38,-1,E06000046,E06000046,E06000046,3,3054,6,30,1,0,4,3,3055,0,8,17,1,1,1,0,0,0,1,1,2,E01017337,-1,0,1,0
2024440161057,2024,440161057,449074,92341,-1.30607,50.72862,44,2,2,1,17/04/2024,4,15:38,-1,E06000046,E06000046,E06000046,3,3020,6,40,8,18,4,6,0,0,0,0,1,1,1,0,0,0,1,1,2,E01017334,-1,0,1,0
2024440377735,2024,440377735,448451,88240,-1.31543,50.6918,44,3,2,1,03/09/2024,3,10:03,-1,E06000046,E06000046,E06000046,4,3401,1,30,2,0,4,6,0,0,0,0,1,1,1,0,0,0,1,1,2,E01017294,-1,0,0.146279871881823,0.853720128118177
2024440257184,2024,440257184,465212,87782,-1.07825,50.68605,44,3,1,1,18/06/2024,3,22:25,-1,E06000046,E06000046,E06000046,6,0,6,30,3,13,4,6,0,0,0,0,4,1,1,0,0,0,2,1,2,E01017285,-1,0,0.170665972358758,0.829334027641242
2024440281482,2024,440281482,464319,88603,-1.09075,50.69353,44,3,3,1,03/07/2024,4,18:55,-1,E06000046,E06000046,E06000046,4,3395,6,30,0,0,-1,0,-1,0,0,0,1,1,1,0,0,0,2,1,2,E01017284,-1,0,0.0833874356878852,0.916612564312115
2024440534392,2024,440534392,449193,90714,-1.3046,50.71398,44,3,2,2,08/12/2024,1,15:05,-1,E06000046,E06000046,E06000046,3,3020,6,30,3,13,4,6,0,0,0,0,1,1,2,0,0,0,1,1,2,E01017334,-1,0,0.0713535858715081,0.928646414128492
2024440438589,2024,440438589,449930,89512,-1.29432,50.70311,44,3,2,1,09/10/2024,4,11:02,-1,E06000046,E06000046,E06000046,6,0,1,30,2,0,4,6,0,0,0,0,1,1,1,0,0,0,1,2,2,E01017326,-1,0,0.0154350239854821,0.984564976014518
2024440445428,2024,440445428,447104,89595,-1.33433,50.70409,44,3,2,1,13/10/2024,1,13:43,-1,E06000046,E06000046,E06000046,3,3054,6,60,0,0,-1,0,-1,0,0,0,1,1,1,0,0,0,2,1,2,E01017294,-1,0,0.0729403257730832,0.927059674226917
2024440302408,2024,440302408,455308,92162,-1.21778,50.72645,44,2,1,1,17/07/2024,4,02:40,-1,E06000046,E06000046,E06000046,3,3054,6,40,0,0,-1,0,-1,0,0,0,4,1,1,0,7,20,2,1,2,E01017286,-1,0,1,0
2024440274721,2024,440274721,434394,89147,-1.51435,50.70095,44,3,1,1,29/06/2024,7,17:30,-1,E06000046,E06000046,E06000046,3,3054,6,40,0,0,-1,0,-1,0,0,0,1,1,1,0,0,0,2,1,2,E01033239,-1,0,0.237009595888645,0.762990404111355
2024440148369,2024,440148369,449936,89511,-1.29424,50.7031,44,2,2,1,09/04/2024,3,11:49,-1,E06000046,E06000046,E06000046,6,0,6,30,2,0,4,6,0,0,0,0,1,4,1,0,0,0,1,1,2,E01017326,-1,0,1,0
2024440175959,2024,440175959,458088,82556,-1.1799,50.63981,44,3,2,1,27/04/2024,7,13:10,-1,E06000046,E06000046,E06000046,6,0,6,30,0,0,-1,0,-1,0,0,0,1,1,1,0,0,0,1,2,2,E01017358,-1,0,0.16901726291441,0.83098273708559
2024440235378,2024,440235378,454640,91979,-1.22727,50.72487,44,3,2,2,05/06/2024,4,10:28,-1,E06000046,E06000046,E06000046,3,3054,6,30,8,18,4,6,0,0,0,0,1,1,1,0,0,0,2,1,2,E01017368,-1,0,0.113805035626032,0.886194964373968
2024440156122,2024,440156122,436564,89243,-1.48361,50.70168,44,2,2,3,14/04/2024,1,15:30,-1,E06000046,E06000046,E06000046,4,3401,6,60,0,0,-1,0,-1,0,0,0,1,1,1,0,0,0,2,1,2,E01017354,-1,0,1,0
2024440220219,2024,440220219,455727,77648,-1.21402,50.59591,44,3,2,2,25/05/2024,7,14:00,-1,E06000046,E06000046,E06000046,4,3327,6,30,0,0,-1,0,-1,0,0,0,1,1,1,0,0,0,2,2,2,E01017366,-1,0,0.0232150037064419,0.976784996293558
2024440395798,2024,440395798,445669,87664,-1.35488,50.68684,44,2,1,3,14/09/2024,7,23:21,-1,E06000046,E06000046,E06000046,4,3401,6,60,0,0,-1,0,-1,0,0,0,6,1,1,0,0,0,2,1,2,E01017294,-1,0,1,0
2024440566663,2024,440566663,460162,84389,-1.15028,50.65608,44,1,1,1,01/12/2024,1,17:15,-1,E06000046,E06000046,E06000046,4,3395,6,30,2,0,4,6,0,0,8,17,4,4,2,0,0,0,1,1,2,E01017348,-1,0,0,0
2024440017260,2024,440017260,455897,83455,-1.21075,50.64811,44,3,2,1,12/01/2024,6,19:01,-1,E06000046,E06000046,E06000046,3,3056,6,30,6,16,4,6,0,0,0,0,6,1,1,0,0,0,2,1,2,E01017324,-1,0,0.122976511742586,0.877023488257414
2024440313105,2024,440313105,434028,87081,-1.51972,50.6824,44,3,2,1,23/07/2024,3,15:02,-1,E06000046,E06000046,E06000046,3,3055,6,30,0,0,-1,0,-1,0,0,0,1,1,1,0,0,0,2,1,2,E01017312,-1,0,0.0355907675888112,0.964409232411189
2024440261774,2024,440261774,447300,88263,-1.33172,50.6921,44,3,1,1,21/06/2024,6,15:26,-1,E06000046,E06000046,E06000046,4,3401,6,60,0,0,-1,0,-1,0,0,0,1,1,1,0,0,0,2,1,2,E01017294,-1,0,0.132366994318527,0.867633005681473
2024440371099,2024,440371099,434421,89201,-1.51396,50.70144,44,3,1,1,29/08/2024,5,16:03,-1,E06000046,E06000046,E06000046,3,3054,6,40,0,0,-1,0,-1,0,0,0,1,1,1,0,0,0,2,2,2,E01033239,-1,0,0.052010628886162,0.947989371113838
2024440370129,2024,440370129,454990,78668,-1.22428,50.60515,44,2,2,4,29/08/2024,5,00:02,-1,E06000046,E06000046,E06000046,4,3327,6,60,0,0,-1,0,-1,0,0,0,6,1,1,0,0,0,2,1,2,E01017370,-1,0,1,0
2024440399482,2024,440399482,433135,86610,-1.5324,50.67821,44,3,2,1,17/09/2024,3,11:00,-1,E06000046,E06000046,E06000046,6,0,6,30,6,16,4,6,0,0,0,0,1,1,1,0,0,0,2,2,2,E01017361,-1,0,0.136076273253429,0.863923726746571
2024440109466,2024,440109466,456371,90685,-1.20294,50.71307,44,2,2,8,14/03/2024,5,20:31,-1,E06000046,E06000046,E06000046,6,0,6,30,3,13,4,6,0,0,0,0,6,1,1,0,0,0,2,1,2,E01017283,-1,0,1,0
2024440358055,2024,440358055,451008,95156,-1.27828,50.75377,44,3,2,1,20/08/2024,3,17:31,-1,E06000046,E06000046,E06000046,3,3021,6,30,3,13,4,6,0,0,0,0,1,1,1,0,0,0,1,1,2,E01033237,-1,0,0.208920438931392,0.791079561068608
2024440547028,2024,440547028,450758,84157,-1.28333,50.65489,44,3,2,1,16/12/2024,2,19:54,-1,E06000046,E06000046,E06000046,3,3020,6,30,3,13,4,6,0,0,0,0,4,1,2,0,0,0,2,1,2,E01017296,-1,0,0.069420333046184,0.930579666953816
2024440257326,2024,440257326,452747,91838,-1.2541,50.72378,44,3,1,1,19/06/2024,4,04:09,-1,E06000046,E06000046,E06000046,6,0,6,30,0,0,-1,0,-1,0,0,0,6,1,1,0,0,0,2,1,2,E01017368,-1,0,0.134420731679776,0.865579268320224
2024440002270,2024,440002270,449958,89275,-1.29396,50.70098,44,3,1,1,02/01/2024,3,17:25,-1,E06000046,E06000046,E06000046,6,0,6,30,3,13,4,6,0,0,0,0,6,1,1,0,0,0,1,2,2,E01017326,-1,0,0.132370169210362,0.867629830789638
2024440555233,2024,440555233,446302,89430,-1.3457,50.70267,44,2,1,2,21/12/2024,7,23:29,-1,E06000046,E06000046,E06000046,3,3056,6,60,6,16,4,6,0,0,0,0,6,1,1,0,0,0,2,1,2,E01017294,-1,0,1,0
2024440166389,2024,440166389,459305,92585,-1.16109,50.72986,44,3,2,1,21/04/2024,1,00:01,-1,E06000046,E06000046,E06000046,3,3054,2,30,6,16,4,3,3054,0,0,0,4,1,1,0,0,0,1,1,2,E01017336,-1,0,0.184218106195729,0.815781893804271
2024440418660,2024,440418660,448206,88697,-1.31884,50.69593,44,3,2,1,26/09/2024,5,14:57,-1,E06000046,E06000046,E06000046,6,0,6,20,3,13,4,6,0,0,0,0,1,1,1,0,0,0,1,1,2,E01017293,-1,0,0.0523471975613262,0.947652802438674
2024440376994,2024,440376994,455632,77644,-1.21536,50.59588,44,3,2,2,02/09/2024,2,18:32,-1,E06000046,E06000046,E06000046,4,3327,6,30,3,13,4,6,0,0,0,0,1,1,2,0,0,0,2,1,2,E01017366,-1,0,0.100245974282077,0.899754025717923
2024440303782,2024,440303782,449114,76729,-1.30757,50.58823,44,3,2,1,17/07/2024,4,18:45,-1,E06000046,E06000046,E06000046,6,0,6,60,3,13,4,6,0,0,0,0,1,1,1,0,0,0,2,1,2,E01017299,-1,0,0.26704734085088,0.73295265914912
2024440307922,2024,440307922,455174,81550,-1.22126,50.63105,44,2,1,1,20/07/2024,7,07:48,-1,E06000046,E06000046,E06000046,3,3020,6,60,0,0,-1,0,-1,0,0,0,1,1,1,0,0,0,2,1,2,E01017370,-1,0,1,0
2024440058959,2024,440058959,459997,85165,-1.15249,50.66308,44,3,2,1,09/02/2024,6,10:00,-1,E06000046,E06000046,E06000046,3,3055,6,30,0,0,-1,0,-1,0,0,0,1,2,2,0,0,0,1,3,2,E01017347,-1,0,0.087349524383352,0.912650475616648
2024440291217,2024,440291217,458182,88412,-1.17765,50.69246,44,3,2,1,10/07/2024,4,08:08,-1,E06000046,E06000046,E06000046,6,0,6,60,3,13,4,6,0,0,0,0,1,1,1,0,0,0,2,1,2,E01017283,-1,0,0.251288871783932,0.748711128216068
2024440542405,2024,440542405,454186,81797,-1.23519,50.63336,44,3,2,1,13/12/2024,6,14:47,-1,E06000046,E06000046,E06000046,3,3020,6,50,3,13,4,6,0,0,0,0,1,1,1,0,0,0,2,2,2,E01017369,-1,0,0.0170887009874131,0.982911299012587
2024440005303,2024,440005303,460206,90987,-1.14858,50.7154,44,3,2,1,04/01/2024,5,17:31,-1,E06000046,E06000046,E06000046,6,0,6,30,3,13,4,6,0,0,0,0,4,2,2,0,0,0,1,1,2,E01017344,-1,0,0.200692514592465,0.799307485407535
2024440116843,2024,440116843,456509,83323,-1.20211,50.64686,44,3,1,2,18/03/2024,2,19:16,-1,E06000046,E06000046,E06000046,3,3056,6,30,0,0,-1,0,-1,0,0,0,4,2,2,0,0,0,2,1,2,E01017324,-1,0,0.41452399296373,0.58547600703627
2024440478996,2024,440478996,452291,88554,-1.26103,50.69429,44,2,3,1,03/12/2024,3,17:42,-1,E06000046,E06000046,E06000046,6,0,6,60,0,0,-1,0,-1,0,0,0,6,1,1,0,3,18,2,1,2,E01017310,-1,0,1,0
2024440142069,2024,440142069,458205,81580,-1.1784,50.63102,44,3,2,1,04/04/2024,5,14:26,-1,E06000046,E06000046,E06000046,6,0,2,30,0,0,-1,0,-1,0,0,0,1,1,1,0,0,0,1,2,2,E01017360,-1,0,0.024910307127225,0.975089692872775
2024440270975,2024,440270975,460291,85977,-1.14819,50.67035,44,3,2,1,27/06/2024,5,13:19,-1,E06000046,E06000046,E06000046,3,3055,6,30,3,13,4,6,0,0,8,17,1,1,1,0,0,0,2,1,2,E01017289,-1,0,0.146898819346819,0.853101180653181
2024440460835,2024,440460835,460178,91637,-1.14887,50.72125,44,2,2,2,22/10/2024,3,22:23,-1,E06000046,E06000046,E06000046,6,0,6,30,6,16,4,6,0,0,0,0,4,1,2,0,0,0,1,1,2,E01017343,-1,0,1,0
2024440556064,2024,440556064,449388,96028,-1.30113,50.76175,44,3,2,1,22/12/2024,1,18:35,-1,E06000046,E06000046,E06000046,4,3325,6,30,6,16,4,6,0,0,0,0,4,4,2,0,0,0,1,1,2,E01017300,-1,0,0.0351955870156843,0.964804412984316
2024440454096,2024,440454096,453817,76981,-1.2411,50.59009,44,2,2,2,18/10/2024,6,15:27,-1,E06000046,E06000046,E06000046,6,0,6,60,0,0,-1,0,-1,0,0,0,1,1,1,0,0,0,2,1,2,E01017365,-1,0,1,0
2024440344545,2024,440344545,446388,87911,-1.34468,50.68901,44,3,2,3,12/08/2024,2,12:24,-1,E06000046,E06000046,E06000046,4,3401,6,60,3,13,4,6,0,0,0,0,1,1,1,0,0,0,2,1,2,E01017294,-1,0,0.31988781422996,0.68011218577004
2024440364723,2024,440364723,450838,80750,-1.28267,50.62425,44,3,4,1,24/08/2024,7,15:15,-1,E06000046,E06000046,E06000046,6,0,6,60,0,0,-1,0,-1,0,0,0,1,1,1,0,0,0,2,2,2,E01017369,-1,0,0.234734138926788,0.765265861073212
2024440399485,2024,440399485,450447,89401,-1.28702,50.70207,44,3,2,1,17/09/2024,3,13:50,-1,E06000046,E06000046,E06000046,6,0,6,30,8,18,4,6,0,0,0,0,1,1,1,0,0,0,1,2,2,E01017331,-1,0,0.010070153145774,0.989929846854226
2024440564554,2024,440564554,454333,85744,-1.23253,50.66884,44,3,3,5,30/12/2024,2,11:15,-1,E06000046,E06000046,E06000046,3,3056,6,60,0,0,-1,0,-1,0,0,0,1,1,1,0,0,0,2,1,2,E01017296,-1,0,0.518854713249852,0.481145286750148
2024440402846,2024,440402846,460690,84699,-1.14276,50.65881,44,3,1,1,18/09/2024,4,17:17,-1,E06000046,E06000046,E06000046,4,3395,6,30,0,0,-1,0,-1,0,0,0,1,1,1,0,0,0,2,2,2,E01017347,-1,0,0.123825103410924,0.876174896589076
2024440012548,2024,440012548,449089,88512,-1.30636,50.69419,44,3,1,1,09/01/2024,3,15:45,-1,E06000046,E06000046,E06000046,4,3323,6,30,2,0,4,6,0,0,0,0,1,1,1,0,0,0,1,2,2,E01017292,-1,0,0.0858516086931098,0.91414839130689
2024440456744,2024,440456744,460401,89323,-1.14609,50.70042,44,3,2,1,20/10/2024,1,14:15,-1,E06000046,E06000046,E06000046,3,3055,6,60,3,13,4,6,0,0,0,0,1,5,2,0,0,0,2,1,2,E01017289,-1,0,0.175193610248367,0.824806389751633
2024440321736,2024,440321736,457073,92275,-1.19276,50.7273,44,2,2,1,29/07/2024,2,08:18,-1,E06000046,E06000046,E06000046,3,3054,6,40,0,0,-1,0,-1,0,0,0,1,1,1,0,0,0,1,1,2,E01017286,-1,0,1,0
2024440407121,2024,440407121,452158,77806,-1.26442,50.59766,44,3,2,1,22/09/2024,1,00:43,-1,E06000046,E06000046,E06000046,6,0,6,30,0,0,-1,0,-1,0,0,0,6,1,1,0,0,0,2,1,2,E01017298,-1,0,0.0802844423006387,0.919715557699361
2024440516189,2024,440516189,453291,87798,-1.24698,50.6874,44,3,2,2,27/11/2024,4,07:03,-1,E06000046,E06000046,E06000046,6,0,1,60,1,0,4,6,0,0,0,0,4,2,2,0,0,0,2,1,2,E01017310,-1,0,0.144880539499466,0.855119460500534
2024440100191,2024,440100191,449415,88685,-1.30172,50.69572,44,2,1,1,07/03/2024,5,19:58,-1,E06000046,E06000046,E06000046,6,0,6,30,3,13,4,6,0,0,0,0,4,1,1,0,0,0,1,2,2,E01017322,-1,0,1,0
2024440359888,2024,440359888,452310,81128,-1.26181,50.62751,44,3,1,2,21/08/2024,4,20:21,-1,E06000046,E06000046,E06000046,6,0,6,60,0,0,-1,0,-1,0,0,0,6,1,1,0,0,0,2,1,2,E01017369,-1,0,0.253823040098951,0.746176959901049
2024440014104,2024,440014104,446243,88228,-1.34669,50.69187,44,2,1,1,10/01/2024,4,18:31,-1,E06000046,E06000046,E06000046,6,0,6,60,0,0,-1,0,-1,0,0,0,6,1,4,0,0,0,2,1,2,E01017294,-1,0,1,0
2024440092546,2024,440092546,449445,94882,-1.30047,50.75144,44,2,1,1,03/03/2024,1,02:22,-1,E06000046,E06000046,E06000046,3,3020,6,30,3,13,4,6,0,0,0,0,4,1,1,0,0,0,1,1,2,E01017329,-1,0,1,0
