collision_index,collision_year,date,time,police_force,collision_severity,number_of_vehicles,number_of_casualties,longitude,latitude,speed_limit,weather_conditions,light_conditions,urban_or_rural_area,vehicle_reference,vehicle_type,vehicle_manoeuvre,sex_of_driver,age_of_driver,age_band_of_driver,journey_purpose_of_driver,generic_make_model,casualty_reference,casualty_class,sex_of_casualty,age_of_casualty,age_band_of_casualty,casualty_severity,casualty_type
2024440002270,2024,02/01/2024,17:25,44,3,1,1,-1.29396,50.70098,30,1,6,1,1,19,9,1,59,9,6,NISSAN NV200,1.0,3.0,1.0,51.0,8.0,3.0,0.0
2024440005303,2024,04/01/2024,17:31,44,3,2,1,-1.14858,50.7154,30,2,4,1,1,9,9,1,83,11,6,MERCEDES C CLASS,,,,,,,
2024440005303,2024,04/01/2024,17:31,44,3,2,1,-1.14858,50.7154,30,2,4,1,2,3,19,1,56,9,6,PIAGGIO FLY,1.0,1.0,1.0,56.0,9.0,3.0,3.0
2024440009385,2024,07/01/2024,18:18,44,3,1,1,-1.26854,50.68825,60,1,6,2,1,9,19,1,19,4,6,-1,1.0,2.0,1.0,20.0,4.0,3.0,9.0
2024440012548,2024,09/01/2024,15:45,44,3,1,1,-1.30636,50.69419,30,1,1,1,1,10,19,1,-1,-1,6,-1,1.0,3.0,1.0,5.0,1.0,3.0,0.0
2024440012840,2024,10/01/2024,01:32,44,3,1,1,-1.16263,50.71167,30,1,6,2,1,9,19,1,18,4,6,-1,1.0,1.0,1.0,18.0,4.0,3.0,9.0
2024440013796,2024,10/01/2024,15:28,44,2,2,1,-1.18261,50.69062,60,1,1,2,1,4,13,1,42,7,6,HONDA CB,1.0,1.0,1.0,42.0,7.0,2.0,4.0
2024440013796,2024,10/01/2024,15:28,44,2,2,1,-1.18261,50.69062,60,1,1,2,2,9,19,1,59,9,6,-1,,,,,,,
2024440014104,2024,10/01/2024,18:31,44,2,1,1,-1.34669,50.69187,60,1,6,2,1,3,19,1,29,6,6,YAMAHA YP,1.0,1.0,1.0,29.0,6.0,2.0,3.0
2024440014651,2024,11/01/2024,08:52,44,2,1,2,-1.41969,50.67672,60,1,1,2,1,9,19,1,79,11,6,HONDA ACCORD,1.0,2.0,2.0,73.0,10.0,3.0,9.0
2024440014651,2024,11/01/2024,08:52,44,2,1,2,-1.41969,50.67672,60,1,1,2,1,9,19,1,79,11,6,HONDA ACCORD,2.0,1.0,1.0,79.0,11.0,2.0,9.0
2024440015281,2024,11/01/2024,14:47,44,2,2,1,-1.23661,50.72552,30,1,1,2,1,9,14,2,76,11,6,VOLKSWAGEN UP,,,,,,,
2024440015281,2024,11/01/2024,14:47,44,2,2,1,-1.23661,50.72552,30,1,1,2,2,9,2,1,49,8,7,NISSAN QASHQAI,1.0,2.0,2.0,23.0,5.0,2.0,9.0
2024440015352,2024,11/01/2024,15:12,44,2,1,1,-1.28061,50.70547,20,1,1,1,1,9,19,2,29,6,6,RENAULT KADJAR,1.0,3.0,1.0,10.0,2.0,2.0,0.0
2024440017260,2024,12/01/2024,19:01,44,3,2,1,-1.21075,50.64811,30,1,6,2,1,9,9,1,91,11,6,VOLKSWAGEN POLO,1.0,1.0,1.0,91.0,11.0,3.0,9.0
2024440017260,2024,12/01/2024,19:01,44,3,2,1,-1.21075,50.64811,30,1,6,2,2,9,19,1,70,10,6,RENAULT CLIO,,,,,,,
2024440017962,2024,13/01/2024,11:43,44,3,2,2,-1.26389,50.72297,50,1,1,2,1,9,4,1,24,5,6,HYUNDAI I20,1.0,2.0,2.0,14.0,3.0,3.0,9.0
2024440017962,2024,13/01/2024,11:43,44,3,2,2,-1.26389,50.72297,50,1,1,2,1,9,4,1,24,5,6,HYUNDAI I20,2.0,2.0,2.0,5.0,1.0,3.0,9.0
2024440017962,2024,13/01/2024,11:43,44,3,2,2,-1.26389,50.72297,50,1,1,2,2,9,4,1,54,8,6,SEAT LEON,,,,,,,
2024440019169,2024,14/01/2024,10:56,44,3,1,1,-1.31121,50.69502,20,4,1,1,1,4,7,1,55,8,6,OTHER BRITISH MODEL MISSING,1.0,1.0,1.0,55.0,8.0,3.0,4.0
2024440022005,2024,16/01/2024,10:21,44,2,3,1,-1.52846,50.67719,30,1,1,2,1,9,19,1,88,11,6,KIA VENGA,1.0,1.0,1.0,88.0,11.0,2.0,9.0
2024440022005,2024,16/01/2024,10:21,44,2,3,1,-1.52846,50.67719,30,1,1,2,2,9,2,3,-1,-1,6,MAZDA 2,,,,,,,
2024440022005,2024,16/01/2024,10:21,44,2,3,1,-1.52846,50.67719,30,1,1,2,3,9,2,3,-1,-1,6,-1,,,,,,,
2024440022054,2024,16/01/2024,10:30,44,3,1,1,-1.30523,50.69607,30,1,1,1,1,9,19,3,-1,-1,6,-1,1.0,3.0,2.0,27.0,6.0,3.0,0.0
2024440024116,2024,17/01/2024,14:38,44,2,2,1,-1.16106,50.73282,30,1,1,1,1,9,5,1,72,10,6,SKODA YETI,,,,,,,
2024440024116,2024,17/01/2024,14:38,44,2,2,1,-1.16106,50.73282,30,1,1,1,2,3,19,1,21,5,2,YAMAHA WR,1.0,1.0,1.0,21.0,5.0,2.0,3.0
2024440025659,2024,18/01/2024,14:50,44,3,4,2,-1.22279,50.65486,50,1,1,2,1,19,19,1,35,6,6,-1,,,,,,,
2024440025659,2024,18/01/2024,14:50,44,3,4,2,-1.22279,50.65486,50,1,1,2,2,9,3,1,59,9,6,MAZDA CX-30,1.0,2.0,1.0,76.0,11.0,3.0,9.0
2024440025659,2024,18/01/2024,14:50,44,3,4,2,-1.22279,50.65486,50,1,1,2,2,9,3,1,59,9,6,MAZDA CX-30,2.0,2.0,2.0,71.0,10.0,3.0,9.0
2024440025659,2024,18/01/2024,14:50,44,3,4,2,-1.22279,50.65486,50,1,1,2,3,9,3,2,36,7,6,MERCEDES E CLASS,,,,,,,
2024440025659,2024,18/01/2024,14:50,44,3,4,2,-1.22279,50.65486,50,1,1,2,4,9,10,1,71,10,6,SUZUKI VITARA,,,,,,,
2024440034525,2024,24/01/2024,18:17,44,3,3,1,-1.14625,50.71497,30,1,4,1,1,9,12,2,28,6,6,VAUXHALL ZAFIRA,1.0,1.0,2.0,28.0,6.0,3.0,9.0
2024440034525,2024,24/01/2024,18:17,44,3,3,1,-1.14625,50.71497,30,1,4,1,2,9,19,2,58,9,6,NISSAN QASHQAI,,,,,,,
2024440034525,2024,24/01/2024,18:17,44,3,3,1,-1.14625,50.71497,30,1,4,1,3,9,19,2,39,7,6,FORD FIESTA,,,,,,,
2024440042400,2024,29/01/2024,21:14,44,3,1,2,-1.47742,50.66456,60,2,6,2,1,9,19,2,24,5,6,FORD FOCUS,1.0,2.0,2.0,17.0,4.0,3.0,9.0
2024440042400,2024,29/01/2024,21:14,44,3,1,2,-1.47742,50.66456,60,2,6,2,1,9,19,2,24,5,6,FORD FOCUS,2.0,2.0,2.0,16.0,4.0,3.0,9.0
2024440045608,2024,31/01/2024,19:15,44,3,1,1,-1.49592,50.68167,60,1,6,2,1,9,19,2,25,5,6,FIAT 500,1.0,1.0,2.0,25.0,5.0,3.0,9.0
2024440045628,2024,31/01/2024,19:30,44,3,2,1,-1.17498,50.6332,30,1,4,1,1,9,9,2,70,10,6,LEXUS NX 300,,,,,,,
2024440045628,2024,31/01/2024,19:30,44,3,2,1,-1.17498,50.6332,30,1,4,1,2,2,19,1,16,4,6,PIAGGIO TYPHOON,1.0,1.0,1.0,16.0,4.0,3.0,2.0
2024440049751,2024,03/02/2024,07:47,44,3,1,1,-1.48776,50.70641,30,1,1,2,1,9,19,2,20,4,6,PEUGEOT 207,1.0,1.0,2.0,20.0,4.0,3.0,9.0
2024440058959,2024,09/02/2024,10:00,44,3,2,1,-1.15249,50.66308,30,2,1,1,1,5,19,1,49,8,6,-1,1.0,1.0,1.0,49.0,8.0,3.0,5.0
2024440058959,2024,09/02/2024,10:00,44,3,2,1,-1.15249,50.66308,30,2,1,1,2,9,4,1,83,11,6,HYUNDAI I10,,,,,,,
2024440064282,2024,13/02/2024,08:14,44,3,2,1,-1.16941,50.64224,30,1,1,1,1,9,19,1,22,5,6,FORD FIESTA,,,,,,,
2024440064282,2024,13/02/2024,08:14,44,3,2,1,-1.16941,50.64224,30,1,1,1,2,9,19,2,50,8,2,NISSAN MICRA,1.0,1.0,2.0,50.0,8.0,3.0,9.0
2024440064765,2024,13/02/2024,13:30,44,3,2,1,-1.23161,50.72517,30,2,1,2,1,90,19,2,23,5,1,-1,,,,,,,
2024440064765,2024,13/02/2024,13:30,44,3,2,1,-1.23161,50.72517,30,2,1,2,2,9,9,1,17,4,6,FORD FIESTA,1.0,3.0,1.0,83.0,11.0,3.0,0.0
2024440064803,2024,13/02/2024,14:13,44,3,2,2,-1.17958,50.63204,30,1,1,1,1,9,19,1,73,10,6,CHEVROLET MATIZ,2.0,2.0,2.0,74.0,10.0,3.0,9.0
2024440064803,2024,13/02/2024,14:13,44,3,2,2,-1.17958,50.63204,30,1,1,1,2,9,19,2,81,11,6,FORD FIESTA,1.0,1.0,2.0,81.0,11.0,3.0,9.0
2024440065214,2024,13/02/2024,18:57,44,3,1,1,-1.20343,50.68675,60,2,6,2,1,9,19,1,35,6,6,BMW 5 SERIES,1.0,1.0,1.0,35.0,6.0,3.0,9.0
2024440066592,2024,14/02/2024,18:03,44,2,2,1,-1.16678,50.72432,30,5,4,1,1,9,9,1,44,7,6,-1,,,,,,,
2024440066592,2024,14/02/2024,18:03,44,2,2,1,-1.16678,50.72432,30,5,4,1,2,1,19,1,50,8,2,-1,1.0,1.0,1.0,50.0,8.0,2.0,1.0
2024440073695,2024,19/02/2024,17:00,44,3,2,1,-1.27812,50.62861,60,1,1,2,1,9,19,1,16,4,6,MINI COOPER,,,,,,,
2024440073695,2024,19/02/2024,17:00,44,3,2,1,-1.27812,50.62861,60,1,1,2,2,9,19,2,72,10,6,NISSAN QASHQAI,1.0,1.0,2.0,72.0,10.0,3.0,9.0
2024440074862,2024,20/02/2024,13:11,44,3,2,1,-1.31597,50.70651,40,1,1,2,1,9,19,1,81,11,6,-1,,,,,,,
2024440074862,2024,20/02/2024,13:11,44,3,2,1,-1.31597,50.70651,40,1,1,2,2,9,10,2,70,10,6,HYUNDAI I10,1.0,2.0,2.0,82.0,11.0,3.0,9.0
2024440075277,2024,20/02/2024,16:29,44,2,1,1,-1.26246,50.65009,60,1,1,2,1,3,19,1,19,4,6,-1,1.0,1.0,1.0,19.0,4.0,2.0,3.0
2024440078295,2024,22/02/2024,14:30,44,3,1,1,-1.54083,50.6786,20,1,1,2,1,9,19,2,25,5,2,FORD FIESTA,1.0,3.0,1.0,4.0,1.0,3.0,0.0
2024440078314,2024,21/02/2024,15:00,44,2,1,1,-1.16492,50.6561,20,2,1,1,1,9,19,1,62,9,6,TOYOTA RAV4,1.0,3.0,1.0,12.0,3.0,2.0,0.0
2024440078693,2024,22/02/2024,18:26,44,3,2,3,-1.32461,50.70533,40,1,4,2,1,9,9,2,21,5,6,FIAT 500,1.0,1.0,2.0,21.0,5.0,3.0,9.0
2024440078693,2024,22/02/2024,18:26,44,3,2,3,-1.32461,50.70533,40,1,4,2,2,9,19,1,54,8,6,FORD FOCUS,2.0,1.0,1.0,54.0,8.0,3.0,9.0
2024440078693,2024,22/02/2024,18:26,44,3,2,3,-1.32461,50.70533,40,1,4,2,2,9,19,1,54,8,6,FORD FOCUS,3.0,2.0,2.0,58.0,9.0,3.0,9.0
2024440079111,2024,23/02/2024,02:04,44,3,1,1,-1.25914,50.72413,50,2,4,2,1,9,9,1,18,4,6,RENAULT CLIO,1.0,1.0,1.0,18.0,4.0,3.0,9.0
2024440082596,2024,25/02/2024,16:42,44,2,2,2,-1.24793,50.59208,60,2,1,2,1,9,19,3,-1,-1,6,MINI ONE,,,,,,,
2024440082596,2024,25/02/2024,16:42,44,2,2,2,-1.24793,50.59208,60,2,1,2,2,9,19,2,43,7,6,VOLKSWAGEN GOLF,1.0,1.0,2.0,43.0,7.0,3.0,9.0
2024440082596,2024,25/02/2024,16:42,44,2,2,2,-1.24793,50.59208,60,2,1,2,2,9,19,2,43,7,6,VOLKSWAGEN GOLF,2.0,2.0,1.0,9.0,2.0,2.0,9.0
2024440092546,2024,03/03/2024,02:22,44,2,1,1,-1.30047,50.75144,30,1,4,1,1,9,19,1,33,6,6,BMW 3 SERIES,1.0,2.0,2.0,41.0,7.0,2.0,9.0
2024440093058,2024,03/03/2024,15:07,44,2,2,1,-1.14606,50.70038,50,1,1,2,1,9,9,2,76,11,6,SMART FORFOUR,,,,,,,
2024440093058,2024,03/03/2024,15:07,44,2,2,1,-1.14606,50.70038,50,1,1,2,2,9,19,2,43,7,2,SUZUKI IGNIS,1.0,1.0,2.0,43.0,7.0,2.0,9.0
2024440094720,2024,04/03/2024,15:45,44,3,1,1,-1.17527,50.7236,30,1,1,1,1,9,19,2,-1,-1,6,HYUNDAI TUCSON,1.0,3.0,2.0,59.0,9.0,3.0,0.0
2024440100191,2024,07/03/2024,19:58,44,2,1,1,-1.30172,50.69572,30,1,4,1,1,9,1,1,-1,-1,6,FORD FOCUS,1.0,3.0,2.0,31.0,6.0,2.0,0.0
2024440101091,2024,08/03/2024,08:30,44,3,1,1,-1.16887,50.71826,30,1,1,1,1,19,4,1,-1,-1,1,-1,1.0,3.0,1.0,9.0,2.0,3.0,0.0
2024440101220,2024,08/03/2024,13:24,44,3,2,1,-1.27252,50.74396,40,1,1,2,1,19,10,1,63,9,1,RENAULT TRAFIC,,,,,,,
2024440101220,2024,08/03/2024,13:24,44,3,2,1,-1.27252,50.74396,40,1,1,2,2,3,19,1,18,4,6,HONDA CBF 125,1.0,1.0,1.0,18.0,4.0,3.0,3.0
2024440109466,2024,14/03/2024,20:31,44,2,2,8,-1.20294,50.71307,30,1,6,2,1,9,19,2,71,10,6,SKODA RAPID,1.0,1.0,2.0,71.0,10.0,3.0,9.0
2024440109466,2024,14/03/2024,20:31,44,2,2,8,-1.20294,50.71307,30,1,6,2,1,9,19,2,71,10,6,SKODA RAPID,2.0,2.0,2.0,69.0,10.0,2.0,9.0
2024440109466,2024,14/03/2024,20:31,44,2,2,8,-1.20294,50.71307,30,1,6,2,1,9,19,2,71,10,6,SKODA RAPID,3.0,2.0,1.0,75.0,10.0,2.0,9.0
2024440109466,2024,14/03/2024,20:31,44,2,2,8,-1.20294,50.71307,30,1,6,2,2,9,19,1,17,4,6,VAUXHALL CORSA,4.0,1.0,1.0,17.0,4.0,3.0,9.0
2024440109466,2024,14/03/2024,20:31,44,2,2,8,-1.20294,50.71307,30,1,6,2,2,9,19,1,17,4,6,VAUXHALL CORSA,5.0,2.0,2.0,16.0,4.0,3.0,9.0
2024440109466,2024,14/03/2024,20:31,44,2,2,8,-1.20294,50.71307,30,1,6,2,2,9,19,1,17,4,6,VAUXHALL CORSA,6.0,2.0,1.0,16.0,4.0,3.0,9.0
2024440109466,2024,14/03/2024,20:31,44,2,2,8,-1.20294,50.71307,30,1,6,2,2,9,19,1,17,4,6,VAUXHALL CORSA,7.0,2.0,1.0,17.0,4.0,3.0,9.0
2024440109466,2024,14/03/2024,20:31,44,2,2,8,-1.20294,50.71307,30,1,6,2,2,9,19,1,17,4,6,VAUXHALL CORSA,8.0,2.0,1.0,17.0,4.0,3.0,9.0
2024440113370,2024,16/03/2024,11:55,44,3,1,1,-1.15278,50.65565,30,1,1,1,1,9,1,2,45,7,6,-1,1.0,3.0,2.0,72.0,10.0,3.0,0.0
2024440115796,2024,18/03/2024,09:28,44,2,2,1,-1.31222,50.7477,40,1,1,2,1,9,9,2,71,10,6,FORD FIESTA,,,,,,,
2024440115796,2024,18/03/2024,09:28,44,2,2,1,-1.31222,50.7477,40,1,1,2,2,1,19,2,67,10,6,-1,1.0,1.0,2.0,67.0,10.0,2.0,1.0
2024440116843,2024,18/03/2024,19:16,44,3,1,2,-1.20211,50.64686,30,2,4,2,1,3,19,1,19,4,6,HONDA XR,1.0,1.0,1.0,19.0,4.0,3.0,3.0
2024440116843,2024,18/03/2024,19:16,44,3,1,2,-1.20211,50.64686,30,2,4,2,1,3,19,1,19,4,6,HONDA XR,2.0,3.0,1.0,80.0,11.0,3.0,0.0
2024440116913,2024,18/03/2024,20:04,44,2,1,1,-1.15726,50.72047,30,1,4,1,1,9,19,2,28,6,6,PEUGEOT 207,1.0,3.0,1.0,28.0,6.0,2.0,0.0
2024440119573,2024,20/03/2024,07:40,44,3,2,1,-1.20371,50.68613,60,1,1,2,1,9,19,2,46,8,7,-1,1.0,1.0,2.0,46.0,8.0,3.0,9.0
2024440119573,2024,20/03/2024,07:40,44,3,2,1,-1.20371,50.68613,60,1,1,2,2,9,19,3,-1,-1,6,-1,,,,,,,
2024440120040,2024,20/03/2024,18:30,44,3,2,3,-1.35337,50.64678,30,1,6,2,1,9,4,2,27,6,6,RENAULT CLIO,1.0,1.0,2.0,27.0,6.0,3.0,9.0
2024440120040,2024,20/03/2024,18:30,44,3,2,3,-1.35337,50.64678,30,1,6,2,1,9,4,2,27,6,6,RENAULT CLIO,2.0,2.0,1.0,22.0,5.0,3.0,9.0
2024440120040,2024,20/03/2024,18:30,44,3,2,3,-1.35337,50.64678,30,1,6,2,1,9,4,2,27,6,6,RENAULT CLIO,3.0,2.0,1.0,23.0,5.0,3.0,9.0
2024440120040,2024,20/03/2024,18:30,44,3,2,3,-1.35337,50.64678,30,1,6,2,2,19,19,1,53,8,2,FIAT DOBLO,,,,,,,
2024440128880,2024,26/03/2024,13:31,44,3,1,1,-1.21193,50.65914,30,2,1,2,1,9,19,1,44,7,6,AUDI A4,1.0,1.0,1.0,44.0,7.0,3.0,9.0
2024440131007,2024,27/03/2024,17:42,44,3,1,1,-1.29889,50.69855,30,1,1,1,1,9,19,1,85,11,6,CITROEN C3,1.0,3.0,1.0,24.0,5.0,3.0,0.0
2024440131140,2024,27/03/2024,19:45,44,2,2,1,-1.20715,50.68266,60,2,6,2,1,9,5,1,80,11,6,VAUXHALL ASTRA,1.0,1.0,1.0,80.0,11.0,2.0,9.0
2024440131140,2024,27/03/2024,19:45,44,2,2,1,-1.20715,50.68266,60,2,6,2,2,9,19,1,22,5,6,FORD FIESTA,,,,,,,
2024440134490,2024,30/03/2024,09:29,44,2,2,1,-1.16672,50.65005,30,1,1,1,1,9,19,1,62,9,6,CITROEN XSARA,,,,,,,
2024440134490,2024,30/03/2024,09:29,44,2,2,1,-1.16672,50.65005,30,1,1,1,2,1,19,1,57,9,6,-1,1.0,1.0,1.0,57.0,9.0,2.0,1.0
2024440134610,2024,30/03/2024,11:45,44,3,2,2,-1.15769,50.72497,30,1,1,1,1,9,9,1,21,5,6,FORD FOCUS,,,,,,,
2024440134610,2024,30/03/2024,11:45,44,3,2,2,-1.15769,50.72497,30,1,1,1,2,9,19,2,32,6,6,CITROEN C1,1.0,1.0,2.0,32.0,6.0,3.0,9.0
2024440134610,2024,30/03/2024,11:45,44,3,2,2,-1.15769,50.72497,30,1,1,1,2,9,19,2,32,6,6,CITROEN C1,2.0,2.0,1.0,33.0,6.0,3.0,9.0
2024440142069,2024,04/04/2024,14:26,44,3,2,1,-1.1784,50.63102,30,1,1,1,1,9,5,2,58,9,6,-1,1.0,1.0,2.0,58.0,9.0,3.0,9.0
2024440142069,2024,04/04/2024,14:26,44,3,2,1,-1.1784,50.63102,30,1,1,1,2,9,19,1,-1,-1,6,KIA SPORTAGE,,,,,,,
2024440144116,2024,05/04/2024,18:05,44,3,2,1,-1.32081,50.69607,30,1,1,1,1,9,19,2,31,6,6,NISSAN QASHQAI,1.0,1.0,2.0,31.0,6.0,3.0,9.0
2024440144116,2024,05/04/2024,18:05,44,3,2,1,-1.32081,50.69607,30,1,1,1,2,9,5,2,39,7,6,VOLKSWAGEN GOLF,,,,,,,
2024440146250,2024,07/04/2024,22:11,44,1,1,1,-1.36658,50.6859,60,1,6,2,1,9,19,1,42,7,6,MAZDA 6,1.0,1.0,1.0,42.0,7.0,1.0,9.0
2024440148369,2024,09/04/2024,11:49,44,2,2,1,-1.29424,50.7031,30,4,1,1,1,9,9,2,59,9,6,HYUNDAI IX35,,,,,,,
2024440148369,2024,09/04/2024,11:49,44,2,2,1,-1.29424,50.7031,30,4,1,1,2,1,19,2,76,11,6,-1,1.0,1.0,2.0,76.0,11.0,2.0,1.0
2024440150180,2024,10/04/2024,14:49,44,2,2,2,-1.48713,50.70643,30,2,1,2,1,9,19,1,61,9,6,AUDI A6,1.0,2.0,2.0,63.0,9.0,2.0,9.0
2024440150180,2024,10/04/2024,14:49,44,2,2,2,-1.48713,50.70643,30,2,1,2,2,9,19,1,89,11,6,RENAULT CAPTUR,2.0,1.0,1.0,89.0,11.0,3.0,9.0
2024440152075,2024,11/04/2024,17:30,44,3,2,2,-1.20698,50.68267,60,7,1,2,1,9,19,1,64,9,2,CITROEN C3,2.0,1.0,1.0,64.0,9.0,3.0,9.0
2024440152075,2024,11/04/2024,17:30,44,3,2,2,-1.20698,50.68267,60,7,1,2,2,9,4,1,64,9,2,PEUGEOT 108,1.0,1.0,1.0,64.0,9.0,3.0,9.0
2024440154682,2024,13/04/2024,12:52,44,2,1,1,-1.12389,50.72447,30,1,1,1,1,9,19,2,56,9,6,MINI COOPER,1.0,3.0,1.0,82.0,11.0,2.0,0.0
2024440156122,2024,14/04/2024,15:30,44,2,2,3,-1.48361,50.70168,60,1,1,2,1,9,19,1,74,10,6,VOLKSWAGEN POLO,3.0,1.0,1.0,74.0,10.0,3.0,9.0
2024440156122,2024,14/04/2024,15:30,44,2,2,3,-1.48361,50.70168,60,1,1,2,2,9,19,1,57,9,6,MERCEDES B CLASS,1.0,1.0,1.0,57.0,9.0,3.0,9.0
2024440156122,2024,14/04/2024,15:30,44,2,2,3,-1.48361,50.70168,60,1,1,2,2,9,19,1,57,9,6,MERCEDES B CLASS,2.0,2.0,2.0,55.0,8.0,2.0,9.0
2024440157021,2024,15/04/2024,10:24,44,3,4,1,-1.14842,50.72513,30,4,1,2,1,9,19,1,82,11,6,MAZDA 2,1.0,1.0,1.0,82.0,11.0,3.0,9.0
2024440157021,2024,15/04/2024,10:24,44,3,4,1,-1.14842,50.72513,30,4,1,2,2,19,19,1,68,10,1,TOYOTA PROACE,,,,,,,
2024440157021,2024,15/04/2024,10:24,44,3,4,1,-1.14842,50.72513,30,4,1,2,3,9,2,2,-1,-1,6,MAZDA 3,,,,,,,
2024440157021,2024,15/04/2024,10:24,44,3,4,1,-1.14842,50.72513,30,4,1,2,4,9,2,2,59,9,6,MERCEDES ML CLASS,,,,,,,
2024440159478,2024,16/04/2024,15:39,44,2,1,1,-1.14778,50.70556,40,1,1,2,1,9,19,1,72,10,6,VOLKSWAGEN GOLF,1.0,1.0,1.0,72.0,10.0,2.0,9.0
2024440160193,2024,17/04/2024,08:05,44,2,2,2,-1.24229,50.70109,60,1,1,2,1,9,9,2,44,7,7,HYUNDAI TUCSON,2.0,1.0,2.0,44.0,7.0,3.0,9.0
2024440160193,2024,17/04/2024,08:05,44,2,2,2,-1.24229,50.70109,60,1,1,2,2,9,19,1,78,11,6,SMART FORTWO,1.0,1.0,1.0,78.0,11.0,2.0,9.0
2024440161057,2024,17/04/2024,15:38,44,2,2,1,-1.30607,50.72862,40,1,1,1,1,9,9,2,18,4,1,SUZUKI SWIFT,,,,,,,
2024440161057,2024,17/04/2024,15:38,44,2,2,1,-1.30607,50.72862,40,1,1,1,2,5,14,1,64,9,6,BMW R SERIES,1.0,1.0,1.0,64.0,9.0,2.0,5.0
2024440164576,2024,19/04/2024,17:55,44,3,2,1,-1.4104,50.70093,30,1,1,2,1,9,19,2,35,6,6,-1,1.0,1.0,2.0,35.0,6.0,3.0,9.0
2024440164576,2024,19/04/2024,17:55,44,3,2,1,-1.4104,50.70093,30,1,1,2,2,9,19,2,38,7,6,KIA PICANTO,,,,,,,
2024440166389,2024,21/04/2024,00:01,44,3,2,1,-1.16109,50.72986,30,1,4,1,1,8,9,1,31,6,1,-1,,,,,,,
2024440166389,2024,21/04/2024,00:01,44,3,2,1,-1.16109,50.72986,30,1,4,1,2,3,9,1,36,7,6,YAMAHA XC,1.0,1.0,1.0,36.0,7.0,3.0,3.0
2024440167981,2024,22/04/2024,10:40,44,3,2,2,-1.16107,50.72982,30,1,1,1,1,9,5,1,68,10,6,FIAT 500,,,,,,,
2024440167981,2024,22/04/2024,10:40,44,3,2,2,-1.16107,50.72982,30,1,1,1,2,11,19,1,-1,-1,1,ALEXANDER DENNIS MODEL MISSING,1.0,2.0,1.0,74.0,10.0,3.0,11.0
2024440167981,2024,22/04/2024,10:40,44,3,2,2,-1.16107,50.72982,30,1,1,1,2,11,19,1,-1,-1,1,ALEXANDER DENNIS MODEL MISSING,2.0,2.0,2.0,22.0,5.0,3.0,11.0
2024440175959,2024,27/04/2024,13:10,44,3,2,1,-1.1799,50.63981,30,1,1,1,1,5,19,1,60,9,6,HONDA CB,1.0,1.0,1.0,60.0,9.0,3.0,5.0
2024440175959,2024,27/04/2024,13:10,44,3,2,1,-1.1799,50.63981,30,1,1,1,2,9,5,1,-1,-1,6,-1,,,,,,,
2024440178927,2024,29/04/2024,16:17,44,3,3,1,-1.34573,50.7026,60,1,1,2,1,9,9,2,24,5,6,TOYOTA YARIS,,,,,,,
2024440178927,2024,29/04/2024,16:17,44,3,3,1,-1.34573,50.7026,60,1,1,2,2,9,19,1,71,10,6,-1,1.0,2.0,2.0,70.0,10.0,3.0,9.0
2024440178927,2024,29/04/2024,16:17,44,3,3,1,-1.34573,50.7026,60,1,1,2,3,9,8,2,44,7,7,VOLVO XC90,,,,,,,
2024440186786,2024,04/05/2024,13:45,44,3,1,1,-1.3894,50.63418,60,1,1,2,1,1,19,1,53,8,6,-1,1.0,1.0,1.0,53.0,8.0,3.0,1.0
2024440188247,2024,05/05/2024,17:02,44,2,2,1,-1.26518,50.69602,60,1,1,2,1,19,9,1,75,10,6,FORD TRANSIT,,,,,,,
2024440188247,2024,05/05/2024,17:02,44,2,2,1,-1.26518,50.69602,60,1,1,2,2,4,14,2,45,7,6,HONDA CBR,1.0,1.0,2.0,45.0,7.0,2.0,4.0
2024440189238,2024,06/05/2024,15:05,44,3,2,1,-1.51071,50.67043,30,1,1,2,1,1,19,1,47,8,6,-1,1.0,1.0,1.0,47.0,8.0,3.0,1.0
2024440189238,2024,06/05/2024,15:05,44,3,2,1,-1.51071,50.67043,30,1,1,2,2,9,9,2,43,7,6,MINI COOPER,,,,,,,
2024440189405,2024,06/05/2024,17:24,44,3,2,1,-1.29425,50.68809,30,1,1,1,1,9,14,1,67,10,6,VAUXHALL ASTRA,1.0,1.0,1.0,67.0,10.0,3.0,9.0
2024440189405,2024,06/05/2024,17:24,44,3,2,1,-1.29425,50.68809,30,1,1,1,2,9,19,2,-1,-1,6,VOLKSWAGEN ID4,,,,,,,
2024440191012,2024,07/05/2024,16:34,44,3,1,1,-1.30278,50.7019,20,1,1,1,1,9,19,1,32,6,1,TOYOTA HILUX,1.0,3.0,2.0,9.0,2.0,3.0,0.0
2024440197725,2024,11/05/2024,18:16,44,2,2,1,-1.20284,50.64701,30,1,1,2,1,9,9,2,76,11,6,RENAULT CLIO,,,,,,,
2024440197725,2024,11/05/2024,18:16,44,2,2,1,-1.20284,50.64701,30,1,1,2,2,9,19,2,19,4,6,FORD FIESTA,1.0,2.0,1.0,22.0,5.0,2.0,9.0
2024440209535,2024,19/05/2024,07:47,44,3,2,1,-1.3457,50.7026,60,1,1,2,1,9,9,1,56,9,6,SKODA CITIGO,1.0,1.0,1.0,56.0,9.0,3.0,9.0
2024440209535,2024,19/05/2024,07:47,44,3,2,1,-1.3457,50.7026,60,1,1,2,2,9,13,1,24,5,6,VAUXHALL ASTRA,,,,,,,
2024440209837,2024,19/05/2024,13:56,44,3,3,1,-1.32371,50.63074,60,1,1,2,1,9,3,1,41,7,6,FORD MODEL MISSING,,,,,,,
2024440209837,2024,19/05/2024,13:56,44,3,3,1,-1.32371,50.63074,60,1,1,2,2,1,19,1,-1,-1,6,-1,,,,,,,
2024440209837,2024,19/05/2024,13:56,44,3,3,1,-1.32371,50.63074,60,1,1,2,3,1,19,1,30,6,6,-1,1.0,1.0,1.0,30.0,6.0,3.0,1.0
2024440218080,2024,24/05/2024,13:49,44,3,1,1,-1.30217,50.70953,40,1,1,1,1,8,4,1,-1,-1,1,VOLKSWAGEN SHARAN,1.0,2.0,1.0,55.0,8.0,3.0,8.0
2024440219417,2024,25/05/2024,11:00,44,2,5,1,-1.16117,50.72984,30,1,1,1,1,9,9,1,79,11,6,KIA PICANTO,1.0,3.0,1.0,64.0,9.0,2.0,0.0
2024440219417,2024,25/05/2024,11:00,44,2,5,1,-1.16117,50.72984,30,1,1,1,2,9,19,1,82,11,6,RENAULT CAPTUR,,,,,,,
2024440219417,2024,25/05/2024,11:00,44,2,5,1,-1.16117,50.72984,30,1,1,1,3,9,8,1,45,7,6,PEUGEOT 208,,,,,,,
2024440219417,2024,25/05/2024,11:00,44,2,5,1,-1.16117,50.72984,30,1,1,1,4,19,2,1,38,7,1,CITROEN DISPATCH,,,,,,,
2024440219417,2024,25/05/2024,11:00,44,2,5,1,-1.16117,50.72984,30,1,1,1,5,9,2,1,73,10,6,FORD GALAXY,,,,,,,
2024440219580,2024,25/05/2024,13:32,44,2,2,1,-1.20418,50.59781,30,1,1,2,1,5,19,1,36,7,6,YAMAHA YZF,1.0,1.0,1.0,36.0,7.0,2.0,5.0
2024440219580,2024,25/05/2024,13:32,44,2,2,1,-1.20418,50.59781,30,1,1,2,2,9,9,2,-1,-1,6,VAUXHALL CORSA,,,,,,,
2024440220219,2024,25/05/2024,14:00,44,3,2,2,-1.21402,50.59591,30,1,1,2,1,9,3,2,58,9,6,SKODA KODIAQ,1.0,1.0,2.0,58.0,9.0,3.0,9.0
2024440220219,2024,25/05/2024,14:00,44,3,2,2,-1.21402,50.59591,30,1,1,2,1,9,3,2,58,9,6,SKODA KODIAQ,2.0,2.0,2.0,28.0,6.0,3.0,9.0
2024440220219,2024,25/05/2024,14:00,44,3,2,2,-1.21402,50.59591,30,1,1,2,2,19,19,1,40,7,6,VOLKSWAGEN TRANSPORTER,,,,,,,
2024440222565,2024,27/05/2024,19:52,44,3,2,1,-1.16701,50.72265,30,1,1,1,1,9,19,1,19,4,6,CITROEN C2,1.0,2.0,1.0,24.0,5.0,3.0,9.0
2024440222565,2024,27/05/2024,19:52,44,3,2,1,-1.16701,50.72265,30,1,1,1,2,9,19,1,59,9,6,CITROEN C4,,,,,,,
2024440235378,2024,05/06/2024,10:28,44,3,2,2,-1.22727,50.72487,30,1,1,2,1,9,19,1,58,9,6,SEAT ATECA,1.0,2.0,2.0,58.0,9.0,3.0,9.0
2024440235378,2024,05/06/2024,10:28,44,3,2,2,-1.22727,50.72487,30,1,1,2,1,9,19,1,58,9,6,SEAT ATECA,2.0,2.0,2.0,25.0,5.0,3.0,9.0
2024440235378,2024,05/06/2024,10:28,44,3,2,2,-1.22727,50.72487,30,1,1,2,2,9,9,1,66,10,6,-1,,,,,,,
2024440238899,2024,07/06/2024,11:36,44,3,2,1,-1.21093,50.60085,30,1,1,2,1,1,19,1,52,8,2,-1,1.0,1.0,1.0,52.0,8.0,3.0,1.0
2024440238899,2024,07/06/2024,11:36,44,3,2,1,-1.21093,50.60085,30,1,1,2,2,9,13,1,69,10,6,KIA VENGA,,,,,,,
2024440240538,2024,08/06/2024,11:20,44,1,2,3,-1.19719,50.68417,60,1,1,2,1,9,19,1,29,6,6,LAND ROVER MODEL MISSING,1.0,1.0,1.0,29.0,6.0,3.0,9.0
2024440240538,2024,08/06/2024,11:20,44,1,2,3,-1.19719,50.68417,60,1,1,2,2,8,19,1,40,7,1,HYUNDAI I40,2.0,1.0,1.0,40.0,7.0,2.0,8.0
2024440240538,2024,08/06/2024,11:20,44,1,2,3,-1.19719,50.68417,60,1,1,2,2,8,19,1,40,7,1,HYUNDAI I40,3.0,2.0,2.0,77.0,11.0,1.0,8.0
2024440242497,2024,09/06/2024,18:00,44,3,2,1,-1.52079,50.69235,30,1,1,2,1,9,19,1,59,9,2,MERCEDES C CLASS,,,,,,,
2024440242497,2024,09/06/2024,18:00,44,3,2,1,-1.52079,50.69235,30,1,1,2,2,1,19,1,14,3,6,-1,1.0,1.0,1.0,14.0,3.0,3.0,1.0
2024440242871,2024,10/06/2024,03:32,44,2,1,1,-1.16941,50.642,30,2,5,1,1,3,19,1,21,5,6,YAMAHA YZF,1.0,1.0,1.0,21.0,5.0,2.0,3.0
2024440242903,2024,06/06/2024,07:45,44,2,1,1,-1.30471,50.72339,40,1,1,1,1,1,19,2,56,9,2,-1,1.0,1.0,2.0,56.0,9.0,2.0,1.0
2024440243065,2024,10/06/2024,09:19,44,3,2,1,-1.23692,50.72378,30,1,1,2,1,9,19,1,50,8,6,-1,1.0,1.0,1.0,50.0,8.0,3.0,9.0
2024440243065,2024,10/06/2024,09:19,44,3,2,1,-1.23692,50.72378,30,1,1,2,2,9,9,1,39,7,6,HONDA CR-V,,,,,,,
2024440245764,2024,11/06/2024,18:14,44,3,2,2,-1.46575,50.68184,60,1,1,2,1,9,19,1,57,9,6,-1,1.0,2.0,2.0,49.0,8.0,3.0,9.0
2024440245764,2024,11/06/2024,18:14,44,3,2,2,-1.46575,50.68184,60,1,1,2,2,9,19,1,25,5,6,TOYOTA AYGO,2.0,1.0,1.0,25.0,5.0,3.0,9.0
2024440257184,2024,18/06/2024,22:25,44,3,1,1,-1.07825,50.68605,30,1,4,2,1,9,19,2,32,6,2,VAUXHALL TIGRA,1.0,3.0,2.0,18.0,4.0,3.0,0.0
2024440257326,2024,19/06/2024,04:09,44,3,1,1,-1.2541,50.72378,30,1,6,2,1,9,19,1,47,8,6,MINI COOPER,1.0,2.0,2.0,42.0,7.0,3.0,9.0
2024440260814,2024,21/06/2024,01:04,44,2,1,2,-1.29875,50.66356,60,1,6,2,1,9,19,1,32,6,6,FORD FOCUS,1.0,1.0,1.0,32.0,6.0,3.0,9.0
2024440260814,2024,21/06/2024,01:04,44,2,1,2,-1.29875,50.66356,60,1,6,2,1,9,19,1,32,6,6,FORD FOCUS,2.0,2.0,1.0,24.0,5.0,2.0,9.0
2024440261774,2024,21/06/2024,15:26,44,3,1,1,-1.33172,50.6921,60,1,1,2,1,9,19,1,32,6,1,-1,1.0,1.0,1.0,32.0,6.0,3.0,9.0
2024440266283,2024,24/06/2024,18:26,44,2,2,1,-1.50735,50.67025,60,1,1,2,1,9,9,1,49,8,6,CITROEN NEMO,,,,,,,
2024440266283,2024,24/06/2024,18:26,44,2,2,1,-1.50735,50.67025,60,1,1,2,2,5,13,1,57,9,6,TRIUMPH SPEED TRIPLE,1.0,1.0,1.0,57.0,9.0,2.0,5.0
2024440268700,2024,26/06/2024,08:49,44,3,2,1,-1.24212,50.72456,30,1,1,2,1,9,3,2,44,7,6,AUDI A4,1.0,1.0,2.0,44.0,7.0,3.0,9.0
2024440268700,2024,26/06/2024,08:49,44,3,2,1,-1.24212,50.72456,30,1,1,2,2,9,19,1,-1,-1,6,FORD FOCUS,,,,,,,
2024440270055,2024,26/06/2024,22:19,44,2,2,1,-1.14593,50.71197,40,1,7,2,1,2,19,1,22,5,6,-1,1.0,1.0,1.0,22.0,5.0,2.0,2.0
2024440270055,2024,26/06/2024,22:19,44,2,2,1,-1.14593,50.71197,40,1,7,2,2,9,19,2,-1,-1,6,-1,,,,,,,
2024440270975,2024,27/06/2024,13:19,44,3,2,1,-1.14819,50.67035,30,1,1,2,1,19,19,1,77,11,6,-1,1.0,1.0,1.0,77.0,11.0,3.0,19.0
2024440270975,2024,27/06/2024,13:19,44,3,2,1,-1.14819,50.67035,30,1,1,2,2,9,9,2,70,10,6,TOYOTA YARIS,,,,,,,
2024440271730,2024,27/06/2024,19:42,44,3,1,1,-1.29642,50.75147,30,1,1,1,1,9,1,2,42,7,6,CITROEN DS4,1.0,3.0,1.0,5.0,1.0,3.0,0.0
2024440272196,2024,28/06/2024,07:24,44,2,2,1,-1.28309,50.67546,40,1,1,2,1,5,19,1,54,8,2,-1,1.0,1.0,1.0,54.0,8.0,2.0,5.0
2024440272196,2024,28/06/2024,07:24,44,2,2,1,-1.28309,50.67546,40,1,1,2,2,9,9,2,60,9,2,TOYOTA AYGO,,,,,,,
2024440272207,2024,28/06/2024,07:32,44,2,3,1,-1.26095,50.5929,40,1,1,2,1,3,14,1,19,4,6,HONDA CBR,1.0,1.0,1.0,19.0,4.0,2.0,3.0
2024440272207,2024,28/06/2024,07:32,44,2,3,1,-1.26095,50.5929,40,1,1,2,2,21,3,1,52,8,1,DAF TRUCKS MODEL MISSING,,,,,,,
2024440272207,2024,28/06/2024,07:32,44,2,3,1,-1.26095,50.5929,40,1,1,2,3,19,19,1,51,8,2,MAZDA MODEL MISSING,,,,,,,
2024440272694,2024,28/06/2024,12:54,44,3,2,1,-1.18109,50.64603,30,1,1,1,1,9,10,1,41,7,6,SUZUKI SX4,,,,,,,
2024440272694,2024,28/06/2024,12:54,44,3,2,1,-1.18109,50.64603,30,1,1,1,2,3,19,1,17,4,1,HONDA NSC,1.0,1.0,1.0,17.0,4.0,3.0,3.0
2024440274523,2024,29/06/2024,15:03,44,3,2,1,-1.41352,50.679,60,1,1,2,1,3,19,1,17,4,6,PIAGGIO FLY,1.0,1.0,1.0,17.0,4.0,3.0,3.0
2024440274523,2024,29/06/2024,15:03,44,3,2,1,-1.41352,50.679,60,1,1,2,2,9,19,3,-1,-1,6,-1,,,,,,,
2024440274721,2024,29/06/2024,17:30,44,3,1,1,-1.51435,50.70095,40,1,1,2,1,1,19,1,37,7,6,-1,1.0,1.0,1.0,37.0,7.0,3.0,1.0
2024440275942,2024,30/06/2024,15:04,44,2,3,2,-1.31863,50.69149,30,1,1,1,1,9,3,2,38,7,6,PEUGEOT 208,1.0,1.0,2.0,38.0,7.0,3.0,9.0
2024440275942,2024,30/06/2024,15:04,44,2,3,2,-1.31863,50.69149,30,1,1,1,2,9,3,1,28,6,6,-1,2.0,1.0,1.0,28.0,6.0,2.0,9.0
2024440275942,2024,30/06/2024,15:04,44,2,3,2,-1.31863,50.69149,30,1,1,1,3,9,19,1,19,4,6,VOLKSWAGEN GOLF,,,,,,,
2024440275961,2024,30/06/2024,15:28,44,3,1,1,-1.19534,50.6466,40,1,1,2,1,9,19,2,55,8,6,FORD FOCUS,1.0,1.0,2.0,55.0,8.0,3.0,9.0
2024440276755,2024,01/07/2024,07:28,44,3,2,1,-1.27623,50.74991,30,1,1,1,1,9,19,2,39,7,2,FORD FIESTA,1.0,1.0,2.0,39.0,7.0,3.0,9.0
2024440276755,2024,01/07/2024,07:28,44,3,2,1,-1.27623,50.74991,30,1,1,1,2,9,10,1,74,10,6,JAGUAR XF SERIES,,,,,,,
2024440281482,2024,03/07/2024,18:55,44,3,3,1,-1.09075,50.69353,30,1,1,2,1,9,19,1,28,6,6,NISSAN MICRA,1.0,2.0,2.0,28.0,6.0,3.0,9.0
2024440281482,2024,03/07/2024,18:55,44,3,3,1,-1.09075,50.69353,30,1,1,2,2,9,4,1,69,10,6,-1,,,,,,,
2024440281482,2024,03/07/2024,18:55,44,3,3,1,-1.09075,50.69353,30,1,1,2,3,11,3,1,-1,-1,1,ALEXANDER DENNIS MODEL MISSING,,,,,,,
2024440285235,2024,06/07/2024,02:12,44,3,2,1,-1.1779,50.62973,30,2,4,1,1,9,9,3,-1,-1,6,CITROEN C3,,,,,,,
2024440285235,2024,06/07/2024,02:12,44,3,2,1,-1.1779,50.62973,30,2,4,1,2,3,19,1,19,4,6,LEXMOTO ASSAULT 125,1.0,1.0,1.0,19.0,4.0,3.0,3.0
2024440285993,2024,06/07/2024,16:36,44,3,1,1,-1.48186,50.69946,60,1,1,2,1,9,19,1,43,7,6,LEXUS IS 200,1.0,1.0,1.0,43.0,7.0,3.0,9.0
2024440286036,2024,06/07/2024,17:05,44,2,2,1,-1.4679,50.6746,60,1,1,2,1,9,7,2,49,8,6,FORD FIESTA,,,,,,,
2024440286036,2024,06/07/2024,17:05,44,2,2,1,-1.4679,50.6746,60,1,1,2,2,3,19,1,46,8,6,HONDA WW125,1.0,1.0,1.0,46.0,8.0,2.0,3.0
2024440288514,2024,08/07/2024,13:42,44,2,2,1,-1.44195,50.67111,60,1,1,2,1,9,9,1,66,10,1,-1,,,,,,,
2024440288514,2024,08/07/2024,13:42,44,2,2,1,-1.44195,50.67111,60,1,1,2,2,4,13,1,37,7,2,KAWASAKI EX,1.0,1.0,1.0,37.0,7.0,2.0,4.0
2024440291217,2024,10/07/2024,08:08,44,3,2,1,-1.17765,50.69246,60,1,1,2,1,5,19,1,57,9,2,YAMAHA XT,1.0,1.0,1.0,57.0,9.0,3.0,5.0
2024440291217,2024,10/07/2024,08:08,44,3,2,1,-1.17765,50.69246,60,1,1,2,2,9,9,1,31,6,6,AUDI MODEL MISSING,,,,,,,
2024440293310,2024,11/07/2024,11:28,44,2,4,1,-1.16832,50.64787,30,1,1,1,1,9,19,1,47,8,1,SEAT IBIZA,1.0,1.0,1.0,47.0,8.0,2.0,9.0
2024440293310,2024,11/07/2024,11:28,44,2,4,1,-1.16832,50.64787,30,1,1,1,2,9,3,3,-1,-1,1,-1,,,,,,,
2024440293310,2024,11/07/2024,11:28,44,2,4,1,-1.16832,50.64787,30,1,1,1,3,9,3,3,-1,-1,6,DAIHATSU TERIOS,,,,,,,
2024440293310,2024,11/07/2024,11:28,44,2,4,1,-1.16832,50.64787,30,1,1,1,4,9,3,3,-1,-1,6,SKODA FABIA,,,,,,,
2024440293351,2024,11/07/2024,11:45,44,2,1,1,-1.46885,50.65794,60,1,1,2,1,5,13,1,26,6,6,YAMAHA YZF,1.0,1.0,1.0,26.0,6.0,2.0,5.0
2024440300097,2024,16/07/2024,15:57,44,2,2,7,-1.26325,50.72835,60,1,1,2,1,9,19,2,56,9,6,NISSAN MICRA,1.0,1.0,2.0,56.0,9.0,3.0,9.0
2024440300097,2024,16/07/2024,15:57,44,2,2,7,-1.26325,50.72835,60,1,1,2,1,9,19,2,56,9,6,NISSAN MICRA,2.0,2.0,2.0,25.0,5.0,2.0,9.0
2024440300097,2024,16/07/2024,15:57,44,2,2,7,-1.26325,50.72835,60,1,1,2,1,9,19,2,56,9,6,NISSAN MICRA,3.0,2.0,1.0,90.0,11.0,3.0,9.0
2024440300097,2024,16/07/2024,15:57,44,2,2,7,-1.26325,50.72835,60,1,1,2,1,9,19,2,56,9,6,NISSAN MICRA,4.0,2.0,1.0,31.0,6.0,3.0,9.0
2024440300097,2024,16/07/2024,15:57,44,2,2,7,-1.26325,50.72835,60,1,1,2,2,11,19,1,62,9,1,SCANIA MODEL MISSING,5.0,1.0,1.0,62.0,9.0,3.0,11.0
2024440300097,2024,16/07/2024,15:57,44,2,2,7,-1.26325,50.72835,60,1,1,2,2,11,19,1,62,9,1,SCANIA MODEL MISSING,6.0,2.0,1.0,13.0,3.0,3.0,11.0
2024440300097,2024,16/07/2024,15:57,44,2,2,7,-1.26325,50.72835,60,1,1,2,2,11,19,1,62,9,1,SCANIA MODEL MISSING,7.0,2.0,2.0,13.0,3.0,3.0,11.0
2024440302408,2024,17/07/2024,02:40,44,2,1,1,-1.21778,50.72645,40,1,4,2,1,3,19,1,60,9,2,YAMAHA YBR,1.0,1.0,1.0,60.0,9.0,2.0,3.0
2024440303782,2024,17/07/2024,18:45,44,3,2,1,-1.30757,50.58823,60,1,1,2,1,5,9,1,23,5,6,BMW S 1000,,,,,,,
2024440303782,2024,17/07/2024,18:45,44,3,2,1,-1.30757,50.58823,60,1,1,2,2,5,19,1,67,10,6,HONDA CB,1.0,1.0,1.0,67.0,10.0,3.0,5.0
2024440306879,2024,19/07/2024,15:45,44,3,2,1,-1.20513,50.59451,20,1,1,2,1,9,19,2,82,11,6,SUZUKI SWIFT,1.0,3.0,1.0,16.0,4.0,3.0,0.0
2024440306879,2024,19/07/2024,15:45,44,3,2,1,-1.20513,50.59451,20,1,1,2,2,9,2,2,46,8,6,BMW 5 SERIES,,,,,,,
2024440307922,2024,20/07/2024,07:48,44,2,1,1,-1.22126,50.63105,60,1,1,2,1,9,19,1,36,7,2,FORD FIESTA,1.0,1.0,1.0,36.0,7.0,2.0,9.0
2024440313105,2024,23/07/2024,15:02,44,3,2,1,-1.51972,50.6824,30,1,1,2,1,9,2,2,28,6,7,-1,1.0,1.0,2.0,28.0,6.0,3.0,9.0
2024440313105,2024,23/07/2024,15:02,44,3,2,1,-1.51972,50.6824,30,1,1,2,2,9,19,1,-1,-1,6,SKODA FABIA,,,,,,,
2024440313237,2024,23/07/2024,16:02,44,2,1,1,-1.25747,50.73385,40,1,1,2,1,3,19,1,50,8,6,-1,1.0,1.0,1.0,50.0,8.0,2.0,3.0
2024440315196,2024,24/07/2024,10:55,44,3,1,1,-1.21354,50.73331,20,1,1,2,1,9,19,1,26,6,6,VAUXHALL CORSA,1.0,3.0,2.0,32.0,6.0,3.0,0.0
2024440319587,2024,27/07/2024,15:06,44,3,2,1,-1.45311,50.65066,60,1,1,2,1,9,9,1,75,10,6,HONDA JAZZ,,,,,,,
2024440319587,2024,27/07/2024,15:06,44,3,2,1,-1.45311,50.65066,60,1,1,2,2,9,19,1,31,6,6,MERCEDES CLC CLASS,1.0,1.0,1.0,31.0,6.0,3.0,9.0
2024440320113,2024,27/07/2024,22:29,44,3,2,1,-1.51588,50.67286,30,1,6,2,1,9,19,2,32,6,2,MINI ONE,1.0,1.0,2.0,32.0,6.0,3.0,9.0
2024440320113,2024,27/07/2024,22:29,44,3,2,1,-1.51588,50.67286,30,1,6,2,2,9,2,1,41,7,6,NISSAN NOTE,,,,,,,
2024440321736,2024,29/07/2024,08:18,44,2,2,1,-1.19276,50.7273,40,1,1,1,1,3,19,1,31,6,2,KYMCO VISAR 125,1.0,1.0,1.0,31.0,6.0,2.0,3.0
2024440321736,2024,29/07/2024,08:18,44,2,2,1,-1.19276,50.7273,40,1,1,1,2,9,3,1,-1,-1,2,MAZDA 3,,,,,,,
2024440325293,2024,31/07/2024,10:05,44,3,2,1,-1.24508,50.68998,60,1,1,2,1,9,14,1,72,10,6,NISSAN X-TRAIL,,,,,,,
2024440325293,2024,31/07/2024,10:05,44,3,2,1,-1.24508,50.68998,60,1,1,2,2,9,19,2,36,7,6,RENAULT MEGANE,1.0,1.0,2.0,36.0,7.0,3.0,9.0
2024440327581,2024,01/08/2024,14:48,44,2,1,1,-1.43953,50.66948,60,1,1,2,1,5,19,1,60,9,6,TRIUMPH STREET TRIPLE,1.0,1.0,1.0,60.0,9.0,2.0,5.0
2024440328023,2024,01/08/2024,19:31,44,3,1,1,-1.24105,50.69318,60,1,1,2,1,19,19,1,29,6,1,FORD TRANSIT,1.0,1.0,1.0,29.0,6.0,3.0,19.0
2024440328098,2024,01/08/2024,20:28,44,3,2,1,-1.23934,50.70126,60,1,6,2,1,90,19,2,25,5,1,MERCEDES SPRINTER,1.0,2.0,2.0,48.0,8.0,3.0,90.0
2024440328098,2024,01/08/2024,20:28,44,3,2,1,-1.23934,50.70126,60,1,6,2,2,9,9,1,53,8,6,SKODA FABIA,,,,,,,
2024440329219,2024,02/08/2024,13:48,44,3,2,1,-1.28517,50.58841,30,1,1,2,1,9,19,1,22,5,6,VOLVO V40,1.0,3.0,1.0,55.0,8.0,3.0,0.0
2024440329219,2024,02/08/2024,13:48,44,3,2,1,-1.28517,50.58841,30,1,1,2,2,19,19,1,55,8,6,FORD TRANSIT CUSTOM,,,,,,,
2024440332612,2024,04/08/2024,19:49,44,3,1,1,-1.30109,50.67347,60,1,1,2,1,5,19,1,23,5,6,-1,1.0,1.0,1.0,23.0,5.0,3.0,5.0
2024440337062,2024,07/08/2024,13:00,44,2,2,1,-1.46587,50.65532,60,1,1,2,1,4,19,1,33,6,6,HONDA CB,1.0,1.0,1.0,33.0,6.0,2.0,4.0
2024440337062,2024,07/08/2024,13:00,44,2,2,1,-1.46587,50.65532,60,1,1,2,2,9,9,2,23,5,6,KIA RIO,,,,,,,
2024440341811,2024,10/08/2024,12:28,44,3,3,1,-1.2759,50.74891,30,1,1,1,1,9,9,1,-1,-1,6,VOLKSWAGEN GOLF,,,,,,,
2024440341811,2024,10/08/2024,12:28,44,3,3,1,-1.2759,50.74891,30,1,1,1,2,19,3,1,46,8,6,MERCEDES VITO,1.0,1.0,1.0,46.0,8.0,3.0,19.0
2024440341811,2024,10/08/2024,12:28,44,3,3,1,-1.2759,50.74891,30,1,1,1,3,9,3,2,63,9,6,LAND ROVER DISCOVERY,,,,,,,
2024440343331,2024,11/08/2024,11:15,44,2,1,1,-1.15557,50.65384,30,1,1,1,1,9,19,1,60,9,6,BMW 4 SERIES,1.0,3.0,2.0,45.0,7.0,2.0,0.0
2024440343994,2024,12/08/2024,00:44,44,2,1,1,-1.19706,50.71446,60,1,6,2,1,5,19,1,24,5,6,YAMAHA MT,1.0,1.0,1.0,24.0,5.0,2.0,5.0
2024440344545,2024,12/08/2024,12:24,44,3,2,3,-1.34468,50.68901,60,1,1,2,1,9,19,1,91,11,6,FORD PUMA,1.0,1.0,1.0,91.0,11.0,3.0,9.0
2024440344545,2024,12/08/2024,12:24,44,3,2,3,-1.34468,50.68901,60,1,1,2,2,9,9,1,54,8,6,VOLKSWAGEN TOURAN,2.0,2.0,1.0,17.0,4.0,3.0,9.0
2024440344545,2024,12/08/2024,12:24,44,3,2,3,-1.34468,50.68901,60,1,1,2,2,9,9,1,54,8,6,VOLKSWAGEN TOURAN,3.0,2.0,1.0,17.0,4.0,3.0,9.0
2024440351203,2024,16/08/2024,10:38,44,2,2,7,-1.38858,50.68248,60,1,1,2,1,9,19,1,27,6,6,SEAT ATECA,1.0,1.0,1.0,27.0,6.0,2.0,9.0
2024440351203,2024,16/08/2024,10:38,44,2,2,7,-1.38858,50.68248,60,1,1,2,1,9,19,1,27,6,6,SEAT ATECA,2.0,2.0,2.0,29.0,6.0,3.0,9.0
2024440351203,2024,16/08/2024,10:38,44,2,2,7,-1.38858,50.68248,60,1,1,2,1,9,19,1,27,6,6,SEAT ATECA,3.0,2.0,2.0,8.0,2.0,3.0,9.0
2024440351203,2024,16/08/2024,10:38,44,2,2,7,-1.38858,50.68248,60,1,1,2,1,9,19,1,27,6,6,SEAT ATECA,4.0,2.0,2.0,6.0,2.0,3.0,9.0
2024440351203,2024,16/08/2024,10:38,44,2,2,7,-1.38858,50.68248,60,1,1,2,2,9,19,1,37,7,6,HONDA JAZZ,5.0,1.0,1.0,37.0,7.0,2.0,9.0
2024440351203,2024,16/08/2024,10:38,44,2,2,7,-1.38858,50.68248,60,1,1,2,2,9,19,1,37,7,6,HONDA JAZZ,6.0,2.0,1.0,6.0,2.0,2.0,9.0
2024440351203,2024,16/08/2024,10:38,44,2,2,7,-1.38858,50.68248,60,1,1,2,2,9,19,1,37,7,6,HONDA JAZZ,7.0,2.0,1.0,4.0,1.0,3.0,9.0
2024440351322,2024,15/08/2024,16:30,44,2,2,1,-1.15092,50.72228,30,1,1,1,1,9,9,2,64,9,6,PEUGEOT 206,,,,,,,
2024440351322,2024,15/08/2024,16:30,44,2,2,1,-1.15092,50.72228,30,1,1,1,2,4,9,1,35,6,6,HONDA WW125,1.0,1.0,1.0,35.0,6.0,2.0,4.0
2024440353581,2024,17/08/2024,20:05,44,3,1,1,-1.16069,50.73286,30,1,1,1,1,9,19,1,36,7,6,PEUGEOT 207,1.0,3.0,1.0,13.0,3.0,3.0,0.0
2024440358055,2024,20/08/2024,17:31,44,3,2,1,-1.27828,50.75377,30,1,1,1,1,9,19,1,63,9,6,LAND ROVER DISCOVERY,,,,,,,
2024440358055,2024,20/08/2024,17:31,44,3,2,1,-1.27828,50.75377,30,1,1,1,2,1,7,1,70,10,6,-1,1.0,1.0,1.0,70.0,10.0,3.0,1.0
2024440358148,2024,20/08/2024,19:02,44,2,2,1,-1.17779,50.66914,60,1,1,2,1,3,19,1,44,7,6,YAMAHA R,1.0,1.0,1.0,44.0,7.0,2.0,3.0
2024440358148,2024,20/08/2024,19:02,44,2,2,1,-1.17779,50.66914,60,1,1,2,2,17,1,1,67,10,1,CASE IH MODEL MISSING,,,,,,,
2024440359888,2024,21/08/2024,20:21,44,3,1,2,-1.26181,50.62751,60,1,6,2,1,9,19,1,45,7,6,VAUXHALL ASTRA,1.0,1.0,1.0,45.0,7.0,3.0,9.0
2024440359888,2024,21/08/2024,20:21,44,3,1,2,-1.26181,50.62751,60,1,6,2,1,9,19,1,45,7,6,VAUXHALL ASTRA,2.0,2.0,1.0,31.0,6.0,3.0,9.0
2024440363959,2024,23/08/2024,11:20,44,3,2,1,-1.24697,50.68736,60,1,1,2,1,3,19,2,52,8,6,-1,1.0,1.0,2.0,52.0,8.0,3.0,3.0
2024440363959,2024,23/08/2024,11:20,44,3,2,1,-1.24697,50.68736,60,1,1,2,2,9,19,1,-1,-1,6,-1,,,,,,,
2024440364723,2024,24/08/2024,15:15,44,3,4,1,-1.28267,50.62425,60,1,1,2,1,3,19,1,59,9,6,-1,1.0,1.0,1.0,59.0,9.0,3.0,3.0
2024440364723,2024,24/08/2024,15:15,44,3,4,1,-1.28267,50.62425,60,1,1,2,2,3,19,1,55,8,6,-1,,,,,,,
2024440364723,2024,24/08/2024,15:15,44,3,4,1,-1.28267,50.62425,60,1,1,2,3,9,13,1,-1,-1,6,-1,,,,,,,
2024440364723,2024,24/08/2024,15:15,44,3,4,1,-1.28267,50.62425,60,1,1,2,4,9,19,1,-1,-1,6,FORD FIESTA,,,,,,,
2024440365113,2024,25/08/2024,15:20,44,3,2,3,-1.30926,50.69164,30,1,1,1,1,9,3,1,20,4,6,-1,1.0,1.0,1.0,20.0,4.0,3.0,9.0
2024440365113,2024,25/08/2024,15:20,44,3,2,3,-1.30926,50.69164,30,1,1,1,1,9,3,1,20,4,6,-1,2.0,2.0,1.0,18.0,4.0,3.0,9.0
2024440365113,2024,25/08/2024,15:20,44,3,2,3,-1.30926,50.69164,30,1,1,1,1,9,3,1,20,4,6,-1,3.0,2.0,1.0,22.0,5.0,3.0,9.0
2024440365113,2024,25/08/2024,15:20,44,3,2,3,-1.30926,50.69164,30,1,1,1,2,9,19,3,-1,-1,6,KIA PICANTO,,,,,,,
2024440370129,2024,29/08/2024,00:02,44,2,2,4,-1.22428,50.60515,60,1,6,2,1,9,19,1,46,8,6,FORD FOCUS,1.0,1.0,1.0,46.0,8.0,2.0,9.0
2024440370129,2024,29/08/2024,00:02,44,2,2,4,-1.22428,50.60515,60,1,6,2,2,11,19,1,64,9,1,ALEXANDER DENNIS MODEL MISSING,2.0,1.0,1.0,64.0,9.0,3.0,11.0
2024440370129,2024,29/08/2024,00:02,44,2,2,4,-1.22428,50.60515,60,1,6,2,2,11,19,1,64,9,1,ALEXANDER DENNIS MODEL MISSING,3.0,2.0,1.0,25.0,5.0,2.0,11.0
2024440370129,2024,29/08/2024,00:02,44,2,2,4,-1.22428,50.60515,60,1,6,2,2,11,19,1,64,9,1,ALEXANDER DENNIS MODEL MISSING,4.0,2.0,1.0,33.0,6.0,3.0,11.0
2024440371099,2024,29/08/2024,16:03,44,3,1,1,-1.51396,50.70144,40,1,1,2,1,9,19,1,19,4,2,HONDA JAZZ,1.0,1.0,1.0,19.0,4.0,3.0,9.0
2024440371108,2024,29/08/2024,15:00,44,3,1,1,-1.28535,50.69825,20,1,1,1,1,9,5,2,24,5,6,MG ZS,1.0,3.0,1.0,20.0,4.0,3.0,0.0
2024440374835,2024,01/09/2024,08:42,44,3,1,1,-1.17888,50.66847,60,1,1,2,1,9,19,2,18,4,2,PEUGEOT 207,1.0,1.0,2.0,18.0,4.0,3.0,9.0
2024440375377,2024,01/09/2024,16:44,44,3,1,2,-1.17797,50.69219,60,1,1,2,1,9,19,1,29,6,6,MERCEDES AMG CLASS,1.0,1.0,1.0,29.0,6.0,3.0,9.0
2024440375377,2024,01/09/2024,16:44,44,3,1,2,-1.17797,50.69219,60,1,1,2,1,9,19,1,29,6,6,MERCEDES AMG CLASS,2.0,2.0,2.0,33.0,6.0,3.0,9.0
2024440376433,2024,02/09/2024,13:01,44,3,1,1,-1.50801,50.6704,30,1,1,2,1,19,19,1,34,6,2,FORD TRANSIT,1.0,1.0,1.0,34.0,6.0,3.0,19.0
2024440376994,2024,02/09/2024,18:32,44,3,2,2,-1.21536,50.59588,30,1,1,2,1,9,9,2,65,9,2,HYUNDAI I30,1.0,1.0,2.0,65.0,9.0,3.0,9.0
2024440376994,2024,02/09/2024,18:32,44,3,2,2,-1.21536,50.59588,30,1,1,2,2,9,19,2,33,6,6,RENAULT CLIO,2.0,1.0,2.0,33.0,6.0,3.0,9.0
2024440377735,2024,03/09/2024,10:03,44,3,2,1,-1.31543,50.6918,30,1,1,1,1,3,19,1,18,4,6,-1,1.0,1.0,1.0,18.0,4.0,3.0,3.0
2024440377735,2024,03/09/2024,10:03,44,3,2,1,-1.31543,50.6918,30,1,1,1,2,11,3,1,58,9,1,ALEXANDER DENNIS MODEL MISSING,,,,,,,
2024440379620,2024,04/09/2024,13:35,44,2,2,1,-1.17285,50.64729,30,1,1,1,1,9,9,1,77,11,6,FORD FOCUS,,,,,,,
2024440379620,2024,04/09/2024,13:35,44,2,2,1,-1.17285,50.64729,30,1,1,1,2,5,19,1,65,9,6,KAWASAKI ZX,1.0,1.0,1.0,65.0,9.0,2.0,5.0
2024440379899,2024,04/09/2024,15:48,44,2,1,1,-1.35292,50.65493,60,1,1,2,1,9,19,2,80,11,6,FORD FIESTA,1.0,1.0,2.0,80.0,11.0,2.0,9.0
2024440387693,2024,09/09/2024,18:24,44,2,2,2,-1.28481,50.66732,60,1,1,2,1,4,13,1,56,9,2,BMW G 310,1.0,1.0,1.0,56.0,9.0,2.0,4.0
2024440387693,2024,09/09/2024,18:24,44,2,2,2,-1.28481,50.66732,60,1,1,2,2,9,19,1,44,7,2,MITSUBISHI COLT,2.0,1.0,1.0,44.0,7.0,3.0,9.0
2024440390884,2024,11/09/2024,19:27,44,3,2,1,-1.28919,50.6998,30,1,4,1,1,9,3,1,24,5,6,SKODA OCTAVIA,1.0,1.0,1.0,24.0,5.0,3.0,9.0
2024440390884,2024,11/09/2024,19:27,44,3,2,1,-1.28919,50.6998,30,1,4,1,2,9,4,3,-1,-1,6,MG ZS,,,,,,,
2024440393058,2024,13/09/2024,07:30,44,3,3,1,-1.28733,50.75176,30,1,1,1,1,9,19,2,52,8,2,SEAT ARONA,1.0,1.0,2.0,52.0,8.0,3.0,9.0
2024440393058,2024,13/09/2024,07:30,44,3,3,1,-1.28733,50.75176,30,1,1,1,2,9,2,3,-1,-1,6,MERCEDES GLA CLASS,,,,,,,
2024440393058,2024,13/09/2024,07:30,44,3,3,1,-1.28733,50.75176,30,1,1,1,3,9,2,3,-1,-1,6,CITROEN C4,,,,,,,
2024440395798,2024,14/09/2024,23:21,44,2,1,3,-1.35488,50.68684,60,1,6,2,1,9,19,1,19,4,6,BMW 1 SERIES,1.0,1.0,1.0,19.0,4.0,2.0,9.0
2024440395798,2024,14/09/2024,23:21,44,2,1,3,-1.35488,50.68684,60,1,6,2,1,9,19,1,19,4,6,BMW 1 SERIES,2.0,2.0,1.0,19.0,4.0,3.0,9.0
2024440395798,2024,14/09/2024,23:21,44,2,1,3,-1.35488,50.68684,60,1,6,2,1,9,19,1,19,4,6,BMW 1 SERIES,3.0,2.0,1.0,19.0,4.0,3.0,9.0
2024440397401,2024,13/09/2024,16:20,44,3,2,1,-1.17934,50.64504,30,1,1,1,1,9,9,2,-1,-1,6,CITROEN C1,,,,,,,
2024440397401,2024,13/09/2024,16:20,44,3,2,1,-1.17934,50.64504,30,1,1,1,2,1,19,1,46,8,6,-1,1.0,1.0,1.0,46.0,8.0,3.0,1.0
2024440397660,2024,16/09/2024,12:46,44,3,2,1,-1.28519,50.75124,30,1,1,1,1,3,7,1,37,7,6,YAMAHA MT,1.0,1.0,1.0,37.0,7.0,3.0,3.0
2024440397660,2024,16/09/2024,12:46,44,3,2,1,-1.28519,50.75124,30,1,1,1,2,9,19,2,53,8,6,CITROEN C3,,,,,,,
2024440398783,2024,04/09/2024,14:20,44,3,2,2,-1.16633,50.72675,30,1,1,1,1,9,19,2,24,5,6,TOYOTA YARIS,1.0,1.0,2.0,24.0,5.0,3.0,9.0
2024440398783,2024,04/09/2024,14:20,44,3,2,2,-1.16633,50.72675,30,1,1,1,1,9,19,2,24,5,6,TOYOTA YARIS,2.0,2.0,2.0,58.0,9.0,3.0,9.0
2024440398783,2024,04/09/2024,14:20,44,3,2,2,-1.16633,50.72675,30,1,1,1,2,9,19,1,-1,-1,6,LAND ROVER RANGE ROVER EVOQUE,,,,,,,
2024440399482,2024,17/09/2024,11:00,44,3,2,1,-1.5324,50.67821,30,1,1,2,1,1,19,1,63,9,6,-1,1.0,1.0,1.0,63.0,9.0,3.0,1.0
2024440399482,2024,17/09/2024,11:00,44,3,2,1,-1.5324,50.67821,30,1,1,2,2,9,5,3,-1,-1,6,NISSAN LEAF,,,,,,,
2024440399485,2024,17/09/2024,13:50,44,3,2,1,-1.28702,50.70207,30,1,1,1,1,9,10,2,53,8,6,PEUGEOT 2008,1.0,1.0,2.0,53.0,8.0,3.0,9.0
2024440399485,2024,17/09/2024,13:50,44,3,2,1,-1.28702,50.70207,30,1,1,1,2,3,19,3,-1,-1,6,-1,,,,,,,
2024440400368,2024,18/09/2024,02:12,44,3,1,3,-1.28263,50.65461,60,1,6,2,1,9,19,1,26,6,6,HONDA JAZZ,1.0,1.0,1.0,26.0,6.0,3.0,9.0
2024440400368,2024,18/09/2024,02:12,44,3,1,3,-1.28263,50.65461,60,1,6,2,1,9,19,1,26,6,6,HONDA JAZZ,2.0,2.0,1.0,18.0,4.0,3.0,9.0
2024440400368,2024,18/09/2024,02:12,44,3,1,3,-1.28263,50.65461,60,1,6,2,1,9,19,1,26,6,6,HONDA JAZZ,3.0,2.0,1.0,18.0,4.0,3.0,9.0
2024440401110,2024,18/09/2024,13:20,44,3,2,1,-1.2906,50.69645,30,1,1,1,1,9,9,2,58,9,6,FORD KA+,,,,,,,
2024440401110,2024,18/09/2024,13:20,44,3,2,1,-1.2906,50.69645,30,1,1,1,2,9,19,2,85,11,6,SMART FORTWO,1.0,1.0,2.0,85.0,11.0,3.0,9.0
2024440402846,2024,18/09/2024,17:17,44,3,1,1,-1.14276,50.65881,30,1,1,2,1,9,19,3,-1,-1,6,FIAT 500,1.0,3.0,1.0,55.0,8.0,3.0,0.0
2024440406400,2024,21/09/2024,14:59,44,3,2,2,-1.44203,50.67109,60,1,1,2,1,9,13,1,20,4,6,SEAT LEON,1.0,1.0,1.0,20.0,4.0,3.0,9.0
2024440406400,2024,21/09/2024,14:59,44,3,2,2,-1.44203,50.67109,60,1,1,2,1,9,13,1,20,4,6,SEAT LEON,2.0,2.0,1.0,20.0,4.0,3.0,9.0
2024440406400,2024,21/09/2024,14:59,44,3,2,2,-1.44203,50.67109,60,1,1,2,2,9,13,1,20,4,6,SKODA FABIA,,,,,,,
2024440407121,2024,22/09/2024,00:43,44,3,2,1,-1.26442,50.59766,30,1,6,2,1,9,19,2,25,5,6,AUDI A3,1.0,1.0,2.0,25.0,5.0,3.0,9.0
2024440407121,2024,22/09/2024,00:43,44,3,2,1,-1.26442,50.59766,30,1,6,2,2,9,2,3,-1,-1,6,PEUGEOT 308,,,,,,,
2024440407372,2024,22/09/2024,08:11,44,3,2,1,-1.1087,50.71415,30,1,1,1,1,9,2,1,71,10,6,BMW 4 SERIES,1.0,3.0,1.0,71.0,10.0,3.0,0.0
2024440407372,2024,22/09/2024,08:11,44,3,2,1,-1.1087,50.71415,30,1,1,1,2,9,19,1,-1,-1,6,VOLKSWAGEN URBAN,,,,,,,
2024440409721,2024,23/09/2024,09:42,44,3,1,1,-1.29872,50.69661,30,2,1,1,1,9,9,2,-1,-1,6,RENAULT CLIO,1.0,3.0,1.0,66.0,10.0,3.0,0.0
2024440411604,2024,23/09/2024,17:56,44,3,1,1,-1.16136,50.66112,30,1,1,1,1,9,19,1,25,5,6,-1,1.0,3.0,1.0,79.0,11.0,3.0,0.0
2024440416907,2024,25/09/2024,14:32,44,3,3,1,-1.24398,50.67647,30,1,1,2,1,9,10,2,43,7,6,FORD FIESTA,1.0,1.0,2.0,43.0,7.0,3.0,9.0
2024440416907,2024,25/09/2024,14:32,44,3,3,1,-1.24398,50.67647,30,1,1,2,2,9,3,2,70,10,6,SKODA FABIA,,,,,,,
2024440416907,2024,25/09/2024,14:32,44,3,3,1,-1.24398,50.67647,30,1,1,2,3,9,19,1,37,7,1,LAND ROVER DEFENDER,,,,,,,
2024440417269,2024,25/09/2024,15:30,44,3,1,1,-1.17319,50.72144,30,1,1,1,1,90,19,1,15,3,7,-1,1.0,3.0,1.0,11.0,3.0,3.0,0.0
2024440418660,2024,26/09/2024,14:57,44,3,2,1,-1.31884,50.69593,20,1,1,1,1,9,14,1,84,11,6,FORD B-MAX,,,,,,,
2024440418660,2024,26/09/2024,14:57,44,3,2,1,-1.31884,50.69593,20,1,1,1,2,9,19,1,38,7,6,PEUGEOT 207,1.0,1.0,1.0,38.0,7.0,3.0,9.0
2024440419512,2024,26/09/2024,08:30,44,3,2,1,-1.29844,50.70964,30,1,1,1,1,1,9,2,23,5,2,-1,1.0,1.0,2.0,23.0,5.0,3.0,1.0
2024440419512,2024,26/09/2024,08:30,44,3,2,1,-1.29844,50.70964,30,1,1,1,2,9,19,2,-1,-1,6,-1,,,,,,,
2024440422797,2024,29/09/2024,10:11,44,3,1,1,-1.20076,50.65255,30,1,1,2,1,4,5,1,39,7,6,KTM EXC,1.0,1.0,1.0,39.0,7.0,3.0,4.0
2024440424739,2024,30/09/2024,17:52,44,3,1,1,-1.30375,50.70168,30,2,1,1,1,4,19,1,65,9,6,HONDA NSC,1.0,1.0,1.0,65.0,9.0,3.0,4.0
2024440427842,2024,02/10/2024,10:00,44,3,1,1,-1.25392,50.7114,60,1,1,2,1,9,19,2,40,7,1,SKODA OCTAVIA,1.0,1.0,2.0,40.0,7.0,3.0,9.0
2024440429305,2024,03/10/2024,13:13,44,3,2,1,-1.27405,50.74472,50,1,1,2,1,9,5,2,38,7,6,VAUXHALL ZAFIRA,1.0,1.0,2.0,38.0,7.0,3.0,9.0
2024440429305,2024,03/10/2024,13:13,44,3,2,1,-1.27405,50.74472,50,1,1,2,2,9,19,2,37,7,6,FORD KA,,,,,,,
2024440438311,2024,09/10/2024,08:06,44,3,2,1,-1.28743,50.70199,30,1,1,1,1,9,9,2,42,7,2,MAZDA 2,,,,,,,
2024440438311,2024,09/10/2024,08:06,44,3,2,1,-1.28743,50.70199,30,1,1,1,2,3,19,1,22,5,6,YAMAHA WR,1.0,1.0,1.0,22.0,5.0,3.0,3.0
2024440438474,2024,09/10/2024,09:57,44,3,1,1,-1.2031,50.6471,30,1,1,2,1,9,19,1,77,11,6,MERCEDES SLK CLASS,1.0,3.0,2.0,66.0,10.0,3.0,0.0
2024440438589,2024,09/10/2024,11:02,44,3,2,1,-1.29432,50.70311,30,1,1,1,1,9,19,2,59,9,6,HONDA CR-V,1.0,1.0,2.0,59.0,9.0,3.0,9.0
2024440438589,2024,09/10/2024,11:02,44,3,2,1,-1.29432,50.70311,30,1,1,1,2,9,19,1,69,10,6,NISSAN X-TRAIL,,,,,,,
2024440445428,2024,13/10/2024,13:43,44,3,2,1,-1.33433,50.70409,60,1,1,2,1,9,9,2,29,6,6,SKODA FABIA,1.0,1.0,2.0,29.0,6.0,3.0,9.0
2024440445428,2024,13/10/2024,13:43,44,3,2,1,-1.33433,50.70409,60,1,1,2,2,9,19,1,61,9,6,MERCEDES C CLASS,,,,,,,
2024440454096,2024,18/10/2024,15:27,44,2,2,2,-1.2411,50.59009,60,1,1,2,1,9,19,1,19,4,6,FORD FIESTA,1.0,1.0,1.0,19.0,4.0,2.0,9.0
2024440454096,2024,18/10/2024,15:27,44,2,2,2,-1.2411,50.59009,60,1,1,2,2,19,19,1,63,9,6,FORD RANGER,2.0,1.0,1.0,63.0,9.0,3.0,19.0
2024440454762,2024,18/10/2024,23:38,44,2,1,2,-1.41914,50.65074,40,2,6,2,1,9,19,1,25,5,6,VOLKSWAGEN GOLF,1.0,1.0,1.0,25.0,5.0,2.0,9.0
2024440454762,2024,18/10/2024,23:38,44,2,1,2,-1.41914,50.65074,40,2,6,2,1,9,19,1,25,5,6,VOLKSWAGEN GOLF,2.0,2.0,1.0,25.0,5.0,3.0,9.0
2024440455042,2024,19/10/2024,08:02,44,3,2,1,-1.28324,50.69833,30,1,1,1,1,9,19,1,34,6,6,VOLKSWAGEN POLO,,,,,,,
2024440455042,2024,19/10/2024,08:02,44,3,2,1,-1.28324,50.69833,30,1,1,1,2,1,19,1,29,6,6,-1,1.0,1.0,1.0,29.0,6.0,3.0,1.0
2024440456744,2024,20/10/2024,14:15,44,3,2,1,-1.14609,50.70042,60,5,1,2,1,3,4,1,22,5,2,HONDA MSX125,1.0,1.0,1.0,22.0,5.0,3.0,3.0
2024440456744,2024,20/10/2024,14:15,44,3,2,1,-1.14609,50.70042,60,5,1,2,2,9,4,1,50,8,6,SUZUKI IGNIS,,,,,,,
2024440459347,2024,22/10/2024,08:00,44,3,1,1,-1.18645,50.72735,30,2,1,1,1,9,9,2,60,9,2,LEXUS NX 300,1.0,3.0,2.0,83.0,11.0,3.0,0.0
2024440459801,2024,22/10/2024,08:35,44,3,2,1,-1.21044,50.65222,30,1,1,2,1,1,19,1,57,9,6,-1,1.0,1.0,1.0,57.0,9.0,3.0,1.0
2024440459801,2024,22/10/2024,08:35,44,3,2,1,-1.21044,50.65222,30,1,1,2,2,9,13,1,-1,-1,6,HYUNDAI I10,,,,,,,
2024440460835,2024,22/10/2024,22:23,44,2,2,2,-1.14887,50.72125,30,1,4,1,1,9,19,1,-1,-1,6,SEAT AROSA,1.0,2.0,2.0,32.0,6.0,2.0,9.0
2024440460835,2024,22/10/2024,22:23,44,2,2,2,-1.14887,50.72125,30,1,4,1,2,9,19,1,57,9,6,FORD FOCUS,2.0,1.0,1.0,57.0,9.0,3.0,9.0
2024440464606,2024,25/10/2024,09:44,44,3,1,2,-1.16383,50.73098,30,1,1,1,1,9,19,1,37,7,6,-1,1.0,1.0,1.0,37.0,7.0,3.0,9.0
2024440464606,2024,25/10/2024,09:44,44,3,1,2,-1.16383,50.73098,30,1,1,1,1,9,19,1,37,7,6,-1,2.0,2.0,1.0,7.0,2.0,3.0,9.0
2024440466944,2024,26/10/2024,18:57,44,3,1,1,-1.16268,50.73024,30,1,4,1,1,9,1,3,-1,-1,6,-1,1.0,3.0,1.0,89.0,11.0,3.0,0.0
2024440469694,2024,28/10/2024,16:54,44,3,2,1,-1.28756,50.58166,30,1,1,2,1,3,19,1,19,4,6,LEXMOTO MICHIGAN,1.0,1.0,1.0,19.0,4.0,3.0,3.0
2024440469694,2024,28/10/2024,16:54,44,3,2,1,-1.28756,50.58166,30,1,1,2,2,9,19,3,-1,-1,6,-1,,,,,,,
2024440478996,2024,03/12/2024,17:42,44,2,3,1,-1.26103,50.69429,60,1,6,2,1,9,19,1,62,9,6,-1,1.0,1.0,1.0,62.0,9.0,2.0,9.0
2024440478996,2024,03/12/2024,17:42,44,2,3,1,-1.26103,50.69429,60,1,6,2,2,9,19,1,-1,-1,6,RENAULT MEGANE,,,,,,,
2024440478996,2024,03/12/2024,17:42,44,2,3,1,-1.26103,50.69429,60,1,6,2,3,9,19,1,-1,-1,2,HYUNDAI I20,,,,,,,
2024440480779,2024,04/11/2024,18:56,44,3,2,1,-1.29028,50.69908,30,1,4,1,1,9,6,1,81,11,6,HYUNDAI IONIQ,,,,,,,
2024440480779,2024,04/11/2024,18:56,44,3,2,1,-1.29028,50.69908,30,1,4,1,2,11,19,1,60,9,1,ALEXANDER DENNIS MODEL MISSING,1.0,1.0,1.0,60.0,9.0,3.0,11.0
2024440490864,2024,11/11/2024,08:26,44,2,2,2,-1.2273,50.70294,60,1,1,2,1,9,4,1,43,7,7,MINI ONE,1.0,1.0,1.0,43.0,7.0,2.0,9.0
2024440490864,2024,11/11/2024,08:26,44,2,2,2,-1.2273,50.70294,60,1,1,2,1,9,4,1,43,7,7,MINI ONE,2.0,2.0,2.0,15.0,3.0,3.0,9.0
2024440490864,2024,11/11/2024,08:26,44,2,2,2,-1.2273,50.70294,60,1,1,2,2,9,4,1,-1,-1,7,-1,,,,,,,
2024440492486,2024,12/11/2024,07:57,44,3,1,1,-1.31825,50.74854,60,1,1,2,1,10,19,1,63,9,1,RENAULT TRAFIC,1.0,3.0,1.0,63.0,9.0,3.0,0.0
2024440497307,2024,14/11/2024,20:00,44,3,2,1,-1.2887,50.70206,30,1,4,1,1,9,9,1,33,6,6,HYUNDAI I30,,,,,,,
2024440497307,2024,14/11/2024,20:00,44,3,2,1,-1.2887,50.70206,30,1,4,1,2,9,19,2,24,5,6,FIAT 500,1.0,1.0,2.0,24.0,5.0,3.0,9.0
2024440497721,2024,15/11/2024,07:06,44,2,1,1,-1.16297,50.73047,30,1,4,1,1,9,1,1,70,10,1,-1,1.0,3.0,1.0,32.0,6.0,2.0,0.0
2024440504116,2024,19/11/2024,12:11,44,3,3,1,-1.29382,50.70135,30,2,1,1,1,9,19,2,65,9,6,BMW X5,,,,,,,
2024440504116,2024,19/11/2024,12:11,44,3,3,1,-1.29382,50.70135,30,2,1,1,2,9,19,2,41,7,6,NISSAN QASHQAI,1.0,1.0,2.0,41.0,7.0,3.0,9.0
2024440504116,2024,19/11/2024,12:11,44,3,3,1,-1.29382,50.70135,30,2,1,1,3,9,19,3,-1,-1,6,FORD FIESTA,,,,,,,
2024440510048,2024,21/11/2024,21:31,44,3,1,1,-1.1528,50.66374,40,1,4,1,1,9,19,1,21,5,6,VOLKSWAGEN SCIROCCO,1.0,1.0,1.0,21.0,5.0,3.0,9.0
2024440510881,2024,23/11/2024,15:38,44,3,2,1,-1.36451,50.68606,60,2,1,2,1,19,19,1,58,9,2,FORD TRANSIT CUSTOM,,,,,,,
2024440510881,2024,23/11/2024,15:38,44,3,2,1,-1.36451,50.68606,60,2,1,2,2,9,13,1,51,8,2,-1,1.0,1.0,1.0,51.0,8.0,3.0,9.0
2024440512533,2024,25/11/2024,07:58,44,3,2,1,-1.23415,50.72498,30,1,1,2,1,19,9,1,57,9,2,FORD TRANSIT CUSTOM,,,,,,,
2024440512533,2024,25/11/2024,07:58,44,3,2,1,-1.23415,50.72498,30,1,1,2,2,3,14,1,37,7,6,-1,1.0,1.0,1.0,37.0,7.0,3.0,3.0
2024440516189,2024,27/11/2024,07:03,44,3,2,2,-1.24698,50.6874,60,2,4,2,1,9,19,1,62,9,2,FORD KA,1.0,1.0,1.0,62.0,9.0,3.0,9.0
2024440516189,2024,27/11/2024,07:03,44,3,2,2,-1.24698,50.6874,60,2,4,2,2,20,9,1,37,7,1,ISUZU TRUCKS GRAFTER,2.0,1.0,1.0,37.0,7.0,3.0,20.0
2024440516995,2024,27/11/2024,14:35,44,3,2,1,-1.19062,50.72713,30,1,1,1,1,19,9,2,65,9,6,VOLKSWAGEN TRANSPORTER,,,,,,,
2024440516995,2024,27/11/2024,14:35,44,3,2,1,-1.19062,50.72713,30,1,1,1,2,4,19,1,20,4,6,YAMAHA YZF,1.0,1.0,1.0,20.0,4.0,3.0,4.0
2024440520397,2024,29/11/2024,12:48,44,3,1,1,-1.17682,50.63542,30,1,1,1,1,9,1,3,-1,-1,1,-1,1.0,3.0,1.0,83.0,11.0,3.0,0.0
2024440522671,2024,30/11/2024,23:43,44,1,1,1,-1.32465,50.7606,30,1,4,1,1,9,1,1,42,7,6,FORD MONDEO,1.0,1.0,1.0,42.0,7.0,1.0,9.0
2024440524675,2024,02/12/2024,13:20,44,3,1,1,-1.08398,50.68695,30,1,1,2,1,9,19,2,19,4,6,VOLKSWAGEN URBAN,1.0,3.0,2.0,77.0,11.0,3.0,0.0
2024440529798,2024,05/12/2024,11:52,44,3,1,2,-1.23978,50.63412,30,2,1,2,1,9,19,2,77,11,6,SKODA ROOMSTER,1.0,1.0,2.0,77.0,11.0,3.0,9.0
2024440529798,2024,05/12/2024,11:52,44,3,1,2,-1.23978,50.63412,30,2,1,2,1,9,19,2,77,11,6,SKODA ROOMSTER,2.0,2.0,2.0,92.0,11.0,3.0,9.0
2024440533284,2024,07/12/2024,15:37,44,3,1,1,-1.30033,50.69741,30,5,1,1,1,9,19,2,60,9,6,NISSAN QASHQAI,1.0,3.0,2.0,11.0,3.0,3.0,0.0
2024440534392,2024,08/12/2024,15:05,44,3,2,2,-1.3046,50.71398,30,1,1,1,1,9,19,2,35,6,6,SUZUKI CELERIO,1.0,2.0,1.0,57.0,9.0,3.0,9.0
2024440534392,2024,08/12/2024,15:05,44,3,2,2,-1.3046,50.71398,30,1,1,1,1,9,19,2,35,6,6,SUZUKI CELERIO,2.0,2.0,1.0,7.0,2.0,3.0,9.0
2024440534392,2024,08/12/2024,15:05,44,3,2,2,-1.3046,50.71398,30,1,1,1,2,9,19,1,52,8,6,-1,,,,,,,
2024440535683,2024,09/12/2024,14:22,44,2,1,1,-1.29531,50.69944,30,1,1,1,1,11,19,1,28,6,1,ALEXANDER DENNIS MODEL MISSING,1.0,3.0,2.0,72.0,10.0,2.0,0.0
2024440538660,2024,11/12/2024,10:51,44,2,2,1,-1.15436,50.73126,30,1,1,1,1,1,19,1,72,10,6,-1,1.0,1.0,1.0,72.0,10.0,2.0,1.0
2024440538660,2024,11/12/2024,10:51,44,2,2,1,-1.15436,50.73126,30,1,1,1,2,9,14,1,76,11,6,-1,,,,,,,
2024440541146,2024,12/12/2024,17:24,44,2,2,1,-1.29919,50.70722,70,1,4,1,1,9,12,1,58,9,2,CITROEN C3,,,,,,,
2024440541146,2024,12/12/2024,17:24,44,2,2,1,-1.29919,50.70722,70,1,4,1,2,9,19,1,21,5,6,-1,1.0,1.0,1.0,21.0,5.0,2.0,9.0
2024440542405,2024,13/12/2024,14:47,44,3,2,1,-1.23519,50.63336,50,1,1,2,1,9,10,2,55,8,6,BMW 1 SERIES,1.0,1.0,2.0,55.0,8.0,3.0,9.0
2024440542405,2024,13/12/2024,14:47,44,3,2,1,-1.23519,50.63336,50,1,1,2,2,9,19,1,-1,-1,6,VOLKSWAGEN POLO,,,,,,,
2024440546845,2024,16/12/2024,17:26,44,3,1,1,-1.30144,50.76163,30,1,4,1,1,19,5,3,-1,-1,6,-1,1.0,3.0,1.0,14.0,3.0,3.0,0.0
2024440547028,2024,16/12/2024,19:54,44,3,2,1,-1.28333,50.65489,30,1,4,2,1,19,7,1,53,8,6,CITROEN RELAY,1.0,2.0,2.0,55.0,8.0,3.0,19.0
2024440547028,2024,16/12/2024,19:54,44,3,2,1,-1.28333,50.65489,30,1,4,2,2,9,19,1,-1,-1,6,VAUXHALL ASTRA,,,,,,,
2024440550816,2024,19/12/2024,05:49,44,1,1,2,-1.30431,50.72028,40,4,4,2,1,5,19,1,31,6,2,-1,1.0,1.0,1.0,31.0,6.0,2.0,5.0
2024440550816,2024,19/12/2024,05:49,44,1,1,2,-1.30431,50.72028,40,4,4,2,1,5,19,1,31,6,2,-1,2.0,3.0,1.0,53.0,8.0,1.0,0.0
2024440555233,2024,21/12/2024,23:29,44,2,1,2,-1.3457,50.70267,60,1,6,2,1,9,19,1,37,7,6,AUDI TT,1.0,1.0,1.0,37.0,7.0,2.0,9.0
2024440555233,2024,21/12/2024,23:29,44,2,1,2,-1.3457,50.70267,60,1,6,2,1,9,19,1,37,7,6,AUDI TT,2.0,2.0,1.0,27.0,6.0,2.0,9.0
2024440556064,2024,22/12/2024,18:35,44,3,2,1,-1.30113,50.76175,30,4,4,1,1,9,19,1,29,6,2,MITSUBISHI LANCER,,,,,,,
2024440556064,2024,22/12/2024,18:35,44,3,2,1,-1.30113,50.76175,30,4,4,1,2,9,5,1,49,8,6,VOLKSWAGEN GOLF,1.0,2.0,2.0,9.0,2.0,3.0,9.0
2024440557860,2024,23/12/2024,00:11,44,3,1,1,-1.30855,50.73972,30,1,4,1,1,8,5,1,43,7,1,MERCEDES E CLASS,1.0,3.0,1.0,19.0,4.0,3.0,0.0
2024440561675,2024,27/12/2024,17:17,44,3,1,1,-1.25377,50.71148,60,1,6,2,1,9,19,2,50,8,6,HONDA JAZZ,1.0,3.0,2.0,23.0,5.0,3.0,0.0
2024440564554,2024,30/12/2024,11:15,44,3,3,5,-1.23253,50.66884,60,1,1,2,1,9,7,2,83,11,6,NISSAN LEAF,1.0,1.0,2.0,83.0,11.0,3.0,9.0
2024440564554,2024,30/12/2024,11:15,44,3,3,5,-1.23253,50.66884,60,1,1,2,1,9,7,2,83,11,6,NISSAN LEAF,4.0,2.0,1.0,86.0,11.0,3.0,9.0
2024440564554,2024,30/12/2024,11:15,44,3,3,5,-1.23253,50.66884,60,1,1,2,2,9,9,2,66,10,6,FIAT DOBLO,2.0,2.0,1.0,67.0,10.0,3.0,9.0
2024440564554,2024,30/12/2024,11:15,44,3,3,5,-1.23253,50.66884,60,1,1,2,2,9,9,2,66,10,6,FIAT DOBLO,3.0,1.0,2.0,66.0,10.0,3.0,9.0
2024440564554,2024,30/12/2024,11:15,44,3,3,5,-1.23253,50.66884,60,1,1,2,3,9,19,1,40,7,6,-1,5.0,1.0,1.0,40.0,7.0,3.0,9.0
2024440566663,2024,01/12/2024,17:15,44,1,1,1,-1.15028,50.65608,30,4,4,1,1,9,9,1,73,10,6,-1,1.0,3.0,1.0,48.0,8.0,1.0,0.0
2024440566771,2024,31/12/2024,19:38,44,2,2,2,-1.1042,50.67562,40,1,6,2,1,9,19,1,28,6,6,RENAULT CLIO,1.0,1.0,1.0,28.0,6.0,2.0,9.0
2024440566771,2024,31/12/2024,19:38,44,2,2,2,-1.1042,50.67562,40,1,6,2,2,9,19,2,42,7,6,FORD FOCUS,2.0,1.0,2.0,42.0,7.0,2.0,9.0
